n,aardwolves,aardwolf
n,abaci,abacus
n,abscissae,abscissa
n,acanthi,acanthus
n,acari,acarus
n,acciaccature,acciaccatura
n,acetabula,acetabulum
n,aciculae,acicula
n,acini,acinus
n,'acre-feet','acre-foot'
n,acromia,acromion
n,actiniae,actinia
n,actinozoa,actinozoan
n,addenda,addendum
n,adenocarcinomata,adenocarcinoma
n,adenomata,adenoma
n,adieux,adieu
n,aecia,aecium
n,agnomina,agnomen
n,agones,agon
n,agorae,agora
n,agouties,agouti
n,'aides-de-camp','aide-de-camp'
n,'aides-memoire','aide-memoire'
n,alae,ala
n,alewives,alewife
n,alkalies,alkali
n,alluvia,alluvium
n,altocumuli,altocumulus
n,altostrati,altostratus
n,alulae,alula
n,alumnae,alumna
n,alumni,alumnus
n,alveoli,alveolus
n,amanuenses,amanuensis
n,ambulacra,ambulacrum
n,amebae,ameba
n,amnia,amnion
n,amniocenteses,amniocentesis
n,amoebae,amoeba
n,amoebiases,amoebiasis
n,amoraim,amora
n,amphimixes,amphimixis
n,amphioxi,amphioxus
n,amphisbaenae,amphisbaena
n,amphorae,amphora
n,ampullae,ampulla
n,amygdalae,amygdala
n,anacolutha,anacoluthon
n,analyses,analysis
n,anamneses,anamnesis
n,anamorphoses,anamorphosis
n,anastomoses,anastomosis
n,androecia,androecium
n,andtheridia,antheridium
n,angelfishes,angelfish
n,angiomata,angioma
n,animalcula,animalculum
n,anlagen,anlage
n,annuli,annulus
n,antefixa,antefix
n,antennae,antenna
n,antheridia,antheridium
n,anthozoa,anthozoan
n,anthraces,anthrax
n,antiheroes,antihero
n,antisera,antiserum
n,antitheses,antithesis
n,antra,antrum
n,anus,anus
n,aortae,aorta
n,aphelia,aphelion
n,apices,apex
n,apomixes,apomixis
n,aponeuroses,aponeurosis
n,apophyses,apophysis
n,aposiopeses,aposiopesis
n,apothecia,apothecium
n,apotheoses,apotheosis
n,apparatus,apparatus
n,appendices,appendix
n,appoggiature,appoggiatura
n,apsides,apsis
n,aquae,aqua
n,aquaria,aquarium
n,araglis,argali
n,arboreta,arboretum
n,arcana,arcanum
n,archegonia,archegonium
n,archerfishes,archerfish
n,archesporia,archesporium
n,archipelagoes,archipelago
n,'arcs-boutants','arc-boutant'
n,areolae,areola
n,argali,argali
n,ariette,arietta
n,aristae,arista
n,armamentaria,armamentarium
n,artal,rotl
n,artel,rotl
n,arterioscleroses,arteriosclerosis
n,asceses,ascesis
n,asci,ascus
n,ashes,ash
n,aspergilloses,aspergillosis
n,aspersoria,aspersorium
n,assegais,assagai
n,assegais,assegai
n,astragali,astragalus
n,asyndeta,asyndeton
n,atheromata,atheroma
n,atheroscleroses,atherosclerosis
n,atria,atrium
n,auditoria,auditorium
n,aurae,aura
n,aurar,eyrir
n,auriculae,auricula
n,aurorae,aurora
n,auspices,auspex
n,auspices,auspice
n,autocatalyses,autocatalysis
n,autochthones,autochthon
n,automata,automaton
n,'autos-da-fe','auto-da-fe'
n,avitaminoses,avitaminosis
n,axes,axis
n,axes,ax
n,axillae,axilla
n,bacchantes,bacchant
n,bacchantes,bacchante
n,bacilli,bacillus
n,bacteriostases,bacteriostasis
n,'bains-marie','bain-marie'
n,ballistae,ballista
n,bambini,bambino
n,bandeaux,bandeau
n,banditti,bandit
n,bani,ban
n,banjoes,banjo
n,barramundies,barramundi
n,bases,base
n,bases,basis
n,basidia,basidium
n,basileis,basileus
n,bassi,basso
n,bastinadoes,bastinado
n,batfishes,batfish
n,beadsmen,beadsman
n,beadsmen,bedesman
n,beaux,beau
n,beeves,beef
n,bibliothecae,bibliotheca
n,bicennaries,bicentenary
n,bicennaries,bicentennial
n,bijoux,bijou
n,billfishes,billfish
n,bimboes,bimbo
n,blackfishes,blackfish
n,blastemata,blastema
n,blastulae,blastula
n,blowfishes,blowfish
n,bluefishes,bluefish
n,boarfishes,boarfish
n,bolivares,bolivar
n,bonefishes,bonefish
n,bongoes,bongo
n,bonitoes,bonito
n,booklice,booklouse
n,bookshelves,bookshelf
n,boraces,borax
n,boxfishes,boxfish
n,brachia,brachium
n,brainchildren,brainchild
n,branchiae,branchia
n,brants,brant
n,brants,brent
n,bravadoes,bravado
n,bravoes,bravo
n,bregmata,bregma
n,brethren,brother
n,bronchi,bronchus
n,'brothers-in-law','brother-in-law'
n,bryozoa,bryozoan
n,buboes,bubo
n,buckteeth,bucktooth
n,buffaloes,buffalo
n,bullae,bulla
n,bureaux,bureau
n,bursae,bursa
n,busses,bus
n,butterfishes,butterfish
n,byssi,byssus
n,cacti,cactus
n,caducei,caduceus
n,caeca,caecum
n,caesurae,caesura
n,calami,calamus
n,calcanei,calcaneus
n,calces,calx
n,calculi,calculus
n,calicoes,calico
n,calli,callus
n,calves,calf
n,calyces,calyx
n,cambia,cambium
n,camerae,camera
n,canaliculi,canaliculus
n,candelabra,candelabrum
n,canthi,canthus
n,capita,caput
n,capitula,capitulum
n,capricci,capriccio
n,carbonadoes,carbonado
n,carcinomata,carcinoma
n,cargoes,cargo
n,carides,caryatid
n,carinae,carina
n,carpi,carpus
n,caryopses,caryopsis
n,caryopsides,caryopsis
n,castrati,castrato
n,catalyses,catalysis
n,catenae,catena
n,catfishes,catfish
n,cathexes,cathexis
n,cattaloes,cattalo
n,caudices,caudex
n,cavetti,cavetto
n,ceca,cecum
n,cembali,cembalo
n,centesimi,centesimo
n,centra,centrum
n,cercariae,cercaria
n,cercariiae,cercaria
n,cerebella,cerebellum
n,cerebra,cerebrum
n,cervices,cervix
n,chaetae,chaeta
n,chalazae,chalaza
n,challoth,hallah
n,chapaties,chapati
n,chapatties,chapatti
n,chapeaux,chapeau
n,chateaux,chateau
n,chelae,chela
n,chelicerae,chelicera
n,cherubim,cherub
n,'chevaux-de-frise','cheval-de-frise'
n,chiasmata,chiasma
n,chiasmi,chiasmus
n,children,child
n,chillies,chilli
n,chlamydes,chlamys
n,chlamyses,chlamys
n,chondromata,chondroma
n,choragi,choragus
n,choux,chou
n,chrysalides,chrysalis
n,cicadae,cicada
n,cicale,cicala
n,cicatrices,cicatrix
n,ciceroni,cicerone
n,cilia,cilium
n,cineraria,cinerarium
n,cingula,cingulum
n,cirri,cirrus
n,cirrocumuli,cirrocumulus
n,cirrostrati,cirrostratus
n,ciscoes,cisco
n,cisternae,cisterna
n,claroes,claro
n,clepsydrae,clepsydra
n,clingfishes,clingfish
n,cloacae,cloaca
n,clostridia,clostridium
n,cloverleaves,cloverleaf
n,clypei,clypeus
n,coagula,coagulum
n,cocci,coccus
n,coccyges,coccyx
n,cochleae,cochlea
n,codfishes,codfish
n,codices,codex
n,coelentera,coelenteron
n,cognomina,cognomen
n,cola,colon
n,colloquia,colloquium
n,collyria,collyrium
n,colones,colon
n,colossi,colossus
n,columbaria,columbarium
n,columellae,columella
n,comae,coma
n,comedones,comedo
n,comics,comic
n,commandoes,commando
n,concerti,concerto
n,conchae,concha
n,confervae,conferva
n,congii,congius
n,conidia,conidium
n,conjunctivae,conjunctiva
n,conquistadores,conquistador
n,consortia,consortium
n,continua,continuum
n,contralti,contralto
n,convolvuli,convolvulus
n,copulae,copula
n,coria,corium
n,corneae,cornea
n,cornua,cornu
n,coronae,corona
n,corpora,corpus
n,corrigenda,corrigendum
n,cortices,cortex
n,cortinae,cortina
n,costae,costa
n,cowfishes,cowfish
n,coxae,coxa
n,crania,cranium
n,crawfishes,crawfish
n,crayfishes,crayfish
n,credenda,credendum
n,crematoria,crematorium
n,crescendi,crescendo
n,crises,crisis
n,criteria,criterion
n,cruces,crux
n,crura,crus
n,crying,cry
n,cryings,cry
n,ctenidia,ctenidium
n,culti,cultus
n,cumuli,cumulus
n,cumulonimbi,cumulonimbus
n,curricula,curriculum
n,cutes,cutis
n,cuticulae,cuticula
n,cuttlefishes,cuttlefish
n,cyclopes,cyclops
n,cycloses,cyclosis
n,cylices,cylix
n,cylikes,cylix
n,cymae,cyma
n,cymatia,cymatium
n,dadoes,dado
n,dagoes,dago
n,damselfishes,damselfish
n,data,datum
n,'daughters-in-law','daughter-in-law'
n,dealfishes,dealfish
n,decennia,decennium
n,deciduae,decidua
n,delphinia,delphinium
n,dermatoses,dermatosis
n,desiderata,desideratum
n,desperadoes,desperado
n,devilfishes,devilfish
n,diaereses,diaeresis
n,diaerses,diaeresis
n,diagnoses,diagnosis
n,dialyses,dialysis
n,diaphyses,diaphysis
n,diarthroses,diarthrosis
n,diastases,diastasis
n,diastemata,diastema
n,diathses,diathesis
n,dibbukkim,dibbuk
n,dicta,dictum
n,diereses,dieresis
n,dieses,diesis
n,differentiae,differentia
n,dilettanti,dilettante
n,dingoes,dingo
n,diplococci,diplococcus
n,disci,discus
n,dive,diva
n,diverticula,diverticulum
n,divertimenti,divertimento
n,djinn,djinni
n,djinn,djinny
n,dodoes,dodo
n,dogfishes,dogfish
n,dogmata,dogma
n,dogteeth,dogtooth
n,dollarfishes,dollarfish
n,domatia,domatium
n,dominoes,domino
n,dormice,dormouse
n,dorsa,dorsum
n,drachmae,drachma
n,drawknives,drawknife
n,drosophilae,drosophila
n,drumfishes,drumfish
n,dryades,dryad
n,dui,duo
n,duonena,duodenum
n,duonenums,duodenum
n,dwarves,dwarf
n,dybbukkim,dybbuk
n,ecchymoses,ecchymosis
n,ecdyses,ecdysis
n,echidnae,echidna
n,echini,echinus
n,echinococci,echinococcus
n,echoes,echo
n,ectozoa,ectozoan
n,eddoes,eddo
n,edemata,edema
n,effluvia,effluvium
n,eisegeses,eisegesis
n,eisteddfodau,eisteddfod
n,ellipses,ellipsis
n,elves,elf
n,elytra,elytron
n,embargoes,embargo
n,emboli,embolus
n,emphases,emphasis
n,emporia,emporium
n,enarthroses,enarthrosis
n,encephala,encephalon
n,encephalitides,encephalitis
n,enchiridia,enchiridion
n,enchondromata,enchondroma
n,encomia,encomium
n,endamebae,endameba
n,endocardia,endocardium
n,endocrania,endocranium
n,endometria,endometrium
n,endostea,endosteum
n,endothelia,endothelium
n,endozoa,endozoan
n,enemata,enema
n,entases,entasis
n,entera,enteron
n,entozoa,entozoan
n,entozoa,entozoon
n,epentheses,epenthesis
n,ephemera,ephemeron
n,ephemerae,ephemera
n,ephemerides,ephemeris
n,epicalyces,epicalyx
n,epicanthi,epicanthus
n,epicardia,epicardium
n,epididymides,epididymis
n,epigastria,epigastrium
n,epiglottides,epiglottis
n,epiphenomena,epiphenomenon
n,epiphyses,epiphysis
n,epithalamia,epithalamium
n,epithelia,epithelium
n,epitheliomata,epithelioma
n,epizoa,epizoan
n,epizoa,epizoon
n,equilibria,equilibrium
n,eringoes,eringo
n,errata,erratum
n,eryngoes,eryngo
n,esophagi,esophagus
n,etyma,etymon
n,eucalypti,eucalyptus
n,exanthemata,exanthema
n,executrices,executrix
n,exegeses,exegesis
n,exordia,exordium
n,exostoses,exostosis
n,extrema,extremum
n,eyeteeth,eyetooth
n,faciae,facia
n,faculae,facula
n,famuli,famulus
n,farragoes,farrago
n,fasciae,fascia
n,fasciculi,fasciculus
n,'fathers-in-law','father-in-law'
n,fatsoes,fatso
n,faunae,fauna
n,feculae,fecula
n,feet,foot
n,fellaheen,fellah
n,fellahin,fellah
n,femora,femur
n,fenestellae,fenestella
n,fenestrae,fenestra
n,feriae,feria
n,fermate,fermata
n,festschriften,festschrift
n,fezzes,fez
n,fiascoes,fiasco
n,fibromata,fibroma
n,fibulae,fibula
n,fieldmice,fieldmouse
n,fila,filum
n,filariiae,filaria
n,filefishes,filefish
n,fimbriae,fimbria
n,fishes,fish
n,fishwives,fishwife
n,fistulae,fistula
n,flagella,flagellum
n,flagstaves,flagstaff
n,flambeaux,flambeau
n,flamines,flamen
n,flamingoes,flamingo
n,flatfeet,flatfoot
n,flatfishes,flatfish
n,'fleurs-de-lis','fleur-de-lis'
n,'fleurs-de-lys','fleur-de-lys'
n,florae,flora
n,florilegia,florilegium
n,flyleaves,flyleaf
n,foci,focus
n,folia,folium
n,fora,forum
n,foramina,foramen
n,forceps,forceps
n,forefeet,forefoot
n,formulae,formula
n,fornices,fornix
n,fossae,fossa
n,foveae,fovea
n,frescoes,fresco
n,fricandeaux,fricandeau
n,frijoles,frijol
n,frogfishes,frogfish
n,frusta,frustum
n,fuci,fucus
n,fulcra,fulcrum
n,fundi,fundus
n,fungi,fungus
n,funiculi,funiculus
n,furculae,furcula
n,galeae,galea
n,gametangia,gametangium
n,gametoecia,gametoecium
n,ganglia,ganglion
n,garfishes,garfish
n,gas,gas
n,gasses,gas
n,gastrulae,gastrula
n,gateaux,gateau
n,gazeboes,gazebo
n,geckoes,gecko
n,geese,goose
n,gemboks,gemsbok
n,gembucks,gemsbuck
n,gemmae,gemma
n,genera,genus
n,geneses,genesis
n,genii,genius
n,gentes,gens
n,'gentlemen-at-arms','gentleman-at-arms'
n,genua,genu
n,genus,genus
n,gestalten,gestalt
n,ghettoes,ghetto
n,gingivae,gingiva
n,gingkoes,gingko
n,ginglymi,ginglymus
n,ginkgoes,ginkgo
n,glabellae,glabella
n,gladioli,gladiolus
n,glandes,glans
n,gliomata,glioma
n,glissandi,glissando
n,globefishes,globefish
n,globigerinae,globigerina
n,glochidcia,glochidium
n,glochidia,glochidium
n,glomeruli,glomerulus
n,glossae,glossa
n,glottides,glottis
n,glutei,gluteus
n,gnoses,gnosis
n,goatfishes,goatfish
n,godchildren,godchild
n,goes,go
n,'goings-over','going-over'
n,goldfishes,goldfish
n,gonia,gonion
n,gonococci,gonococcus
n,goosefishes,goosefish
n,goyim,goy
n,graffiti,graffito
n,grandchildren,grandchild
n,'grants-in-aid','grant-in-aid'
n,granulomata,granuloma
n,groszy,grosz
n,grottoes,grotto
n,guilders,guilder
n,guitarfishes,guitarfish
n,gummata,gumma
n,gurnards,gurnard
n,gymnasia,gymnasium
n,gynoecea,gynoecium
n,gynoecia,gynoecium
n,gyri,gyrus
n,hadjes,hadj
n,haematolyses,haematolysis
n,haematomata,haematoma
n,haemodialyses,haemodialysis
n,haemolyses,haemolysis
n,haemoptyses,haemoptysis
n,hagfishes,hagfish
n,hajjes,hajj
n,haleru,haler
n,halfpence,halfpenny
n,hallot,hallah
n,halloth,hallah
n,halluces,hallux
n,haloes,halo
n,halteres,halter
n,halteres,haltere
n,halves,half
n,'hangers-on','hanger-on'
n,haustoria,haustorium
n,'heirs-at-law','heir-at-law'
n,helices,helix
n,heliozoa,heliozoan
n,hematolyses,hematolysis
n,hematomata,hematoma
n,hemodialyses,hemodialysis
n,hemolyses,hemolysis
n,hemoptyses,hemoptysis
n,herbaria,herbarium
n,hermae,herm
n,herniae,hernia
n,heroes,hero
n,hila,hilum
n,hili,hilus
n,hippocampi,hippocampus
n,hippopotami,hippopotamus
n,hoboes,hobo
n,hogfishes,hogfish
n,homunculi,homunculus
n,honoraria,honorarium
n,hooves,hoof
n,housewives,housewife
n,humeri,humerus
n,hydrae,hydra
n,hydrozoa,hydrozoan
n,hymenia,hymenium
n,hymeniums,hymenium
n,hymenoptera,hymenopteran
n,hypanthia,hypanthium
n,hyphae,hypha
n,hypnoses,hypnosis
n,hypochondria,hypochondrium
n,hypophyses,hypophysis
n,hypostases,hypostasis
n,hypothalami,hypothalamus
n,hypotheses,hypothesis
n,hyraces,hyrax
n,iambi,iamb
n,ibices,ibex
n,ichthyosauri,ichthyosaurus
n,ichthyosauruses,ichthyosaur
n,ichthyosauruses,ichthyosaurus
n,icosahedra,icosahedron
n,ilia,ilium
n,imagines,imago
n,imagoes,imago
n,imperia,imperium
n,incubi,incubus
n,incudes,incus
n,indices,index
n,indigoes,indigo
n,indumenta,indumentum
n,indusia,indusium
n,infundibula,infundibulum
n,innuendoes,innuendo
n,inocula,inoculum
n,intagli,intaglio
n,interleaves,interleaf
n,intermezzi,intermezzo
n,interregna,interregnum
n,intimae,intima
n,involucra,involucre
n,irides,iris
n,ischia,ischium
n,isthmi,isthmus
n,jackknives,jackknife
n,'jacks-in-the-box','jack-in-the-box'
n,jambeaux,jambeau
n,jellyfishes,jellyfish
n,jewfishes,jewfish
n,jingoes,jingo
n,jinn,jinni
n,keeshonden,keeshond
n,kibbutzim,kibbutz
n,killifishes,killifish
n,kingfishes,kingfish
n,knives,knife
n,kohlrabies,kohlrabi
n,kronen,krone
n,kroner,krone
n,kronur,krona
n,krooni,kroon
n,kylikes,kylix
n,labia,labium
n,lactobacilli,lactobacillus
n,lacunae,lacuna
n,lacunaria,lacunar
n,'ladies-in-waiting','lady-in-waiting'
n,lamellae,lamella
n,lamiae,lamia
n,laminae,lamina
n,larvae,larva
n,larynges,larynx
n,lassoes,lasso
n,lati,lat
n,latices,latex
n,latu,lat
n,lavaboes,lavabo
n,leaves,leaf
n,leaves,leave
n,lei,leu
n,lemmata,lemma
n,lemnisci,lemniscus
n,lentigines,lentigo
n,lepidoptera,lepidopteran
n,lepta,lepton
n,leptocephali,leptocephalus
n,leucocytozoa,leucocytozoan
n,leva,lev
n,libretti,libretto
n,lice,louse
n,lieder,lied
n,limbi,limbus
n,limina,limen
n,lingoes,lingo
n,linguae,lingua
n,lionfishes,lionfish
n,lipomata,lipoma
n,lire,lira
n,lisente,sente
n,listente,sente
n,litai,lit
n,litai,litas
n,litu,litas
n,lives,life
n,loaves,loaf
n,loci,locus
n,loculi,loculus
n,loggie,loggia
n,logia,logion
n,loricae,lorica
n,'loups-garous','loup-garou'
n,lumbi,lumbus
n,lumina,lumen
n,lumpfishes,lumpfish
n,lungfishes,lungfish
n,lunulae,lunula
n,lures,lure
n,lustra,lustre
n,'lyings-in','lying-in'
n,lymphangitides,lymphangitis
n,lymphomata,lymphoma
n,lymphopoieses,lymphopoiesis
n,lyses,lysis
n,maare,maar
n,macaronies,macaroni
n,macrosporangia,macrosporangium
n,maculae,macula
n,madornos,madrono
n,maestri,maestro
n,mafiosi,mafioso
n,magi,magus
n,magmata,magma
n,magnificoes,magnifico
n,makuta,likuta
n,mallei,malleus
n,maloti,loti
n,mamillae,mamilla
n,mammae,mamma
n,mammillae,mammilla
n,mangoes,mango
n,manifestoes,manifesto
n,mantes,mantis
n,manubria,manubrium
n,markkaa,markka
n,marsupia,marsupium
n,masses,mass
n,masses,masse
n,'masters-at-arms','master-at-arms'
n,matrices,matrix
n,matzoth,matzo
n,mausolea,mausoleum
n,maxillae,maxilla
n,maxima,maximum
n,media,medium
n,mediastina,mediastinum
n,medullae,medulla
n,medusae,medusa
n,megasporangia,megasporangium
n,megilloth,megillah
n,meioses,meiosis
n,melanomata,melanoma
n,mementoes,memento
n,memoranda,memorandum
n,men,man
n,'men-at-arms','man-at-arms'
n,'men-o\'-war','man-of-war'
n,'men-of-war','man-of-war'
n,menisci,meniscus
n,menservants,manservant
n,menstrua,menstruum
n,mesdames,madame
n,mesdemoiselles,mademoiselle
n,mestizoes,mestizo
n,metacarpi,metacarpus
n,metamorphoses,metamorphosis
n,metastases,metastasis
n,metatarsi,metatarsus
n,metatheses,metathesis
n,metazoa,metazoan
n,metempsychoses,metempsychosis
n,metencephala,metencephalon
n,mezuzoth,mezuzah
n,miasmata,miasma
n,mice,mouse
n,microsporangia,microsporangium
n,midwives,midwife
n,milia,milium
n,milieux,milieu
n,millennia,millennium
n,minae,mina
n,minima,minimum
n,minutiae,minutia
n,minyanim,minyan
n,mioses,miosis
n,mitochondria,mitochondrion
n,mitzvoth,mitzvah
n,modioli,modiolus
n,moduli,modulus
n,momenta,momentum
n,monades,monad
n,monades,monas
n,monkfishes,monkfish
n,moonfishes,moonfish
n,moratoria,moratorium
n,morceaux,morceau
n,morphallaxes,morphallaxis
n,morulae,morula
n,moshavim,moshav
n,mosquitoes,mosquito
n,'mothers-in-law','mother-in-law'
n,mottoes,motto
n,mucosae,mucosa
n,mulattoes,mulatto
n,muskallunge,muskellunge
n,mycelia,mycelium
n,mycobacteria,mycobacterium
n,myelencephala,myelencephalon
n,myiases,myiasis
n,myocardia,myocardium
n,myofibrillae,myofibrilla
n,myomata,myoma
n,myoses,myosis
n,myrmidones,myrmidon
n,myxomata,myxoma
n,naiades,naiad
n,narcissi,narcissus
n,nares,naris
n,nasopharynges,nasopharynx
n,natatoria,natatorium
n,naumachiae,naumachia
n,nautili,nautilus
n,nebulae,nebula
n,necropoleis,necropolis
n,needlefishes,needlefish
n,nemeses,nemesis
n,neurohypophyses,neurohypophysis
n,neuromata,neuroma
n,neuroptera,neuropteron
n,neuroses,neurosis
n,nevi,nevus
n,nidi,nidus
n,nilgai,nilgai
n,nimbi,nimbus
n,noctilucae,noctiluca
n,noes,no
n,noumena,noumenon
n,novae,nova
n,novelle,novella
n,novenae,novena
n,nucelli,nucellus
n,nuchae,nucha
n,nuclei,nucleus
n,nucleoli,nucleolus
n,nulliparae,nullipara
n,numbfishes,numbfish
n,numina,numen
n,oarfishes,oarfish
n,oases,oasis
n,obligati,obligato
n,oboli,obolus
n,occipita,occiput
n,ocelli,ocellus
n,octahedra,octahedron
n,octopi,octopus
n,oculi,oculus
n,oedemata,oedema
n,oedemata,edema
n,oesophagi,oesophagus
n,oesophagi,esophagus
n,oldwives,oldwife
n,omasa,omasum
n,omenta,omentum
n,ommatidia,ommatidium
n,onagri,onager
n,opercula,operculum
n,optima,optimum
n,ora,os
n,organa,organon
n,orthoptera,orthopteron
n,osar,os
n,ossa,os
n,osteomata,osteoma
n,ottomans,ottoman
n,ova,ovum
n,ovoli,ovolo
n,ovotestes,ovotestis
n,oxen,ox
n,oxymora,oxymoron
n,paddlefishes,paddlefish
n,paise,paisa
n,palestrae,palestra
n,palingeneses,palingenesis
n,pallia,pallium
n,palmettoes,palmetto
n,paparazzi,paparazzo
n,paperknives,paperknife
n,papillae,papilla
n,papillomata,papilloma
n,pappi,pappus
n,papyri,papyrus
n,paraleipses,paraleipsis
n,paraleipses,paralipsis
n,paralyses,paralysis
n,paramecia,paramecium
n,paraphyses,paraphysis
n,parapodia,parapodium
n,parapraxes,parapraxis
n,parazoa,parazoan
n,parentheses,parenthesis
n,parhelia,parhelion
n,parietes,paries
n,parrotfishes,parrotfish
n,'passers-by','passer-by'
n,pastorali,pastorale
n,patellae,patella
n,patinae,patina
n,patresfamilias,paterfamilias
n,pease,pea
n,peccadilloes,peccadillo
n,pedes,pes
n,pelves,pelvis
n,pence,penny
n,penes,penis
n,penetralia,penetralium
n,penknives,penknife
n,pennia,penni
n,pentahedra,pentahedron
n,pentimenti,pentimento
n,penumbrae,penumbra
n,pepla,peplum
n,pericardia,pericardium
n,peridia,peridium
n,perigonia,perigonium
n,perihelia,perihelion
n,perinea,perineum
n,periostea,periosteum
n,periphrases,periphrasis
n,peristalses,peristalsis
n,perithecia,perithecium
n,peritonea,peritoneum
n,personae,persona
n,petechiae,petechia
n,pfennige,pfennig
n,phalanges,phalanx
n,phalli,phallus
n,pharynges,pharynx
n,phenomena,phenomenon
n,philodendra,philodendron
n,phyla,phylum
n,phylae,phyle
n,phylogeneses,phylogenesis
n,'pieds-a-terre','pied-a-terre'
n,pigfishes,pigfish
n,pilei,pileus
n,pineta,pinetum
n,pinfishes,pinfish
n,pinkoes,pinko
n,pinnae,pinna
n,pipefishes,pipefish
n,placeboes,placebo
n,placentae,placenta
n,planetaria,planetarium
n,planulae,planula
n,plasmodia,plasmodium
n,plateaux,plateau
n,plectra,plectron
n,plectra,plectrum
n,plena,plenum
n,pleurae,pleura
n,plicae,plica
n,ploughmen,ploughman
n,ploughmen,plowman
n,pneumococci,pneumococcus
n,pocketknives,pocketknife
n,podetia,podetium
n,podia,podium
n,pollices,pollex
n,pollinia,pollinium
n,polyhedra,polyhedron
n,polypi,polypus
n,polyzoa,polyzoan
n,pontes,pons
n,pontifices,pontifex
n,porticoes,portico
n,portmanteaux,portmanteau
n,potatoes,potato
n,praenomina,praenomen
n,praxes,praxis
n,primi,primo
n,primigravidae,primigravida
n,primiparae,primipara
n,primordia,primordium
n,proboscides,proboscis
n,prognoses,prognosis
n,prolegomena,prolegomenon
n,prolepses,prolepsis
n,promycelia,promycelium
n,pronuclei,pronucleus
n,propositi,propositus
n,proscenia,proscenium
n,prosencephala,prosencephalon
n,prostheses,prosthesis
n,prothalamia,prothalamion
n,prothalamia,prothalamium
n,prothoraces,prothorax
n,protozoa,protozoan
n,provisoes,proviso
n,psalteria,psalterium
n,pseudopodia,pseudopodium
n,psychoneuroses,psychoneurosis
n,psychoses,psychosis
n,pterygia,pterygium
n,ptoses,ptosis
n,pubes,pubis
n,pudenda,pudendum
n,puli,pul
n,pupae,pupa
n,putamina,putamen
n,pycnidia,pycnidium
n,pylori,pylorus
n,pyxides,pyxis
n,pyxidia,pyxidium
n,quadrennia,quadrennium
n,quanta,quantum
n,quarterstaves,quarterstaff
n,quinquennia,quinquennium
n,quizzes,quiz
n,rabatos,rabato
n,rabatos,rebato
n,rabbitfishes,rabbitfish
n,radices,radix
n,radii,radius
n,rami,ramus
n,ranulae,ranula
n,raphae,raphe
n,reales,real
n,recta,rectum
n,recti,rectus
n,redfishes,redfish
n,referenda,referendum
n,reis,real
n,relata,relatum
n,reseaux,reseau
n,residua,residuum
n,retia,rete
n,reticula,reticulum
n,retinae,retina
n,rhabdomyomata,rhabdomyoma
n,rhachises,rachis
n,rhinencephala,rhinencephalon
n,rhombi,rhombus
n,rhonchi,rhonchus
n,ribbonfishes,ribbonfish
n,rickettsiae,rickettsia
n,rilievi,rilievo
n,rimae,rima
n,'robes-de-chambre','robe-de-chambre'
n,rockfishes,rockfish
n,rondeaux,rondeau
n,rosefishes,rosefish
n,rostra,rostrum
n,rouleaux,rouleau
n,rugae,ruga
n,rumina,rumen
n,'runners-up','runner-up'
n,sacra,sacrum
n,saguaros,saguaro
n,saguaros,sahuaro
n,sailfishes,sailfish
n,salespeople,salesperson
n,salmonellae,salmonella
n,salpae,salpa
n,salpinges,salpinx
n,salvoes,salvo
n,sancta,sanctum
n,sanitaria,sanitarium
n,santimi,santims
n,sarcophagi,sarcophagus
n,sartorii,sartorius
n,sawfishes,sawfish
n,scaleni,scalenus
n,scapulae,scapula
n,scarabaei,scarabaeus
n,scarves,scarf
n,schemata,schema
n,scherzi,scherzo
n,schmoes,schmo
n,scholia,scholium
n,scleroses,sclerosis
n,sclerotia,sclerotium
n,scoriae,scoria
n,scotomata,scotoma
n,scriptoria,scriptorium
n,scrota,scrotum
n,scyphi,scyphus
n,scyphozoa,scyphozoan
n,secondi,secondo
n,segni,segno
n,selves,self
n,senti,sent
n,separatrices,separatrix
n,septa,septum
n,sequelae,sequela
n,sera,serum
n,seraphim,seraph
n,setae,seta
n,sgraffiti,sgraffito
n,shakoes,shako
n,sheatfishes,sheatfish
n,sheaves,sheaf
n,shellfishes,shellfish
n,shelves,shelf
n,shinleaves,shinleaf
n,shittim,shittah
n,shmoes,shmo
n,shofroth,shofar
n,shofroth,shophar
n,shophroth,shophar
n,shrewmice,shrewmouse
n,signore,signora
n,signori,signior
n,signori,signore
n,signorine,signorina
n,siliquae,siliqua
n,silvae,silva
n,silverfishes,silverfish
n,simulacra,simulacrum
n,sincipita,sinciput
n,'sisters-in-law','sister-in-law'
n,snailfishes,snailfish
n,snipefishes,snipefish
n,solaria,solarium
n,soles,sol
n,soles,sole
n,solfeggi,solfeggio
n,soli,solo
n,solidi,solidus
n,somata,soma
n,'sons-in-law','son-in-law'
n,soprani,soprano
n,sordini,sordino
n,sori,sorus
n,spadefishes,spadefish
n,spadices,spadix
n,spearfishes,spearfish
n,spectra,spectrum
n,specula,speculum
n,spermatozoa,spermatozoon
n,sphinges,sphinx
n,spicula,spiculum
n,spirilla,spirillum
n,splayfeet,splayfoot
n,splenii,splenius
n,sporangia,sporangium
n,sporozoa,sporozoan
n,sputa,sputum
n,squamae,squama
n,squashes,squash
n,squillae,squilla
n,squirrelfishes,squirrelfish
n,stadia,stadium
n,stamina,stamen
n,stapedes,stapes
n,staphylococci,staphylococcus
n,staretsy,starets
n,starfishes,starfish
n,startsy,starets
n,stelae,stele
n,stemmata,stemma
n,stenoses,stenosis
n,stepchildren,stepchild
n,sterna,sternum
n,stigmata,stigma
n,stimuli,stimulus
n,stockfishes,stockfish
n,stomata,stoma
n,stonefishes,stonefish
n,stotinki,stotinka
n,stotkini,stotinka
n,strappadoes,strappado
n,strata,stratum
n,strati,stratus
n,streptococci,streptococcus
n,striae,stria
n,strobili,strobilus
n,stromata,stroma
n,strumae,struma
n,stuccoes,stucco
n,styli,stylus
n,stylopodia,stylopodium
n,subgenera,subgenus
n,submucosae,submucosa
n,subphyla,subphylum
n,substrata,substratum
n,substratums,substratum
n,succedanea,succedaneum
n,succubi,succubus
n,suckerfishes,suckerfish
n,sudatoria,sudatorium
n,sulci,sulcus
n,sunfishes,sunfish
n,supercargoes,supercargo
n,supernovae,supernova
n,superstrata,superstratum
n,surgeonfishes,surgeonfish
n,swamies,swami
n,swordfishes,swordfish
n,syconia,syconium
n,syllabi,syllabus
n,syllepses,syllepsis
n,symphyses,symphysis
n,symposia,symposium
n,synapses,synapsis
n,syncytia,syncytium
n,synopses,synopsis
n,syntagmata,syntagma
n,syntheses,synthesis
n,syringes,syrinx
n,tableaux,tableau
n,taeniae,taenia
n,taeniae,tenia
n,tali,talus
n,tallaisim,tallith
n,tallithes,tallith
n,tallitoth,tallith
n,tarantulae,tarantula
n,tarsi,tarsus
n,taxa,taxon
n,taxes,tax
n,taxes,taxis
n,taxies,taxi
n,teeth,tooth
n,telamones,telamon
n,tempi,tempo
n,tenderfeet,tenderfoot
n,teniae,tenia
n,terata,teras
n,teredines,teredo
n,termini,terminus
n,terraria,terrarium
n,terzetti,terzetto
n,tesserae,tessera
n,testae,testa
n,testes,testis
n,testudines,testudo
n,tetrahedra,tetrahedron
n,tetraskelia,tetraskelion
n,thalami,thalamus
n,thalli,thallus
n,thecae,theca
n,therses,thyrse
n,thesauri,thesaurus
n,theses,thesis
n,thieves,thief
n,thoraces,thorax
n,thrombi,thrombus
n,thymi,thymus
n,thyrsi,thyrsus
n,tibiae,tibia
n,tilefishes,tilefish
n,titmice,titmouse
n,toadfishes,toadfish
n,tobaccoes,tobacco
n,tomatoes,tomato
n,tomenta,tomentum
n,tophi,tophus
n,topoi,topos
n,tori,torus
n,tornadoes,tornado
n,torpedoes,torpedo
n,torsi,torso
n,touracos,touraco
n,touracos,turaco
n,trabeculae,trabecula
n,tracheae,trachea
n,tragi,tragus
n,trapezia,trapezium
n,trapezohedra,trapezohedron
n,traumata,trauma
n,treponemata,treponema
n,trichinae,trichina
n,triclinia,triclinium
n,triggerfishes,triggerfish
n,triskelia,triskelion
n,triumviri,triumvir
n,trivia,trivium
n,'trous-de-loup','trou-de-loup'
n,trousseaux,trousseau
n,trunkfishes,trunkfish
n,tubae,tuba
n,turves,turf
n,tympana,tympanum
n,tyros,tiro
n,tyros,tyro
n,uglies,ugli
n,ulnae,ulna
n,ultimata,ultimatum
n,umbilici,umbilicus
n,umbones,umbo
n,umbrae,umbra
n,unci,uncus
n,urethrae,urethra
n,urinalyses,urinalysis
n,uteri,uterus
n,utriculi,utriculus
n,uvulae,uvula
n,vacua,vacuum
n,vagi,vagus
n,vaginae,vagina
n,valleculae,vallecula
n,varices,varix
n,vasa,vas
n,vela,velum
n,venae,vena
n,ventriculi,ventriculus
n,vermes,vermis
n,verrucae,verruca
n,vertebrae,vertebra
n,vertices,vertex
n,vertigines,vertigo
n,vertigoes,vertigo
n,vesicae,vesica
n,vetoes,veto
n,vibrissae,vibrissa
n,villi,villus
n,viragoes,virago
n,virtuosi,virtuoso
n,vitelli,vitellus
n,vivaria,vivarium
n,voces,vox
n,volcanoes,volcano
n,volvae,volva
n,vorticellae,vorticella
n,vortices,vortex
n,vulvae,vulva
n,'wagons-lits','wagon-lit'
n,weakfishes,weakfish
n,werewolves,werewolf
n,wharves,wharf
n,'whippers-in','whipper-in'
n,whitefishes,whitefish
n,wives,wife
n,wolffishes,wolffish
n,wolves,wolf
n,woodlice,woodlouse
n,wreckfishes,wreckfish
n,yeshivahs,yeshiva
n,yeshivoth,yeshiva
n,yogin,yogi
n,zeroes,zero
n,zoonoses,zoonosis
v,abetted,abet
v,abetting,abet
v,abhorred,abhor
v,abhorring,abhor
v,abode,abide
v,abought,aby
v,abutted,abut
v,abutting,abut
v,abye,aby
v,accompanied,accompany
v,acetified,acetify
v,acidified,acidify
v,acquitted,acquit
v,acquitting,acquit
v,'ad-libbed','ad-lib'
v,'ad-libbing','ad-lib'
v,addrest,address
v,admitted,admit
v,admitting,admit
v,aerified,aerify
v,alkalified,alkalify
v,allied,ally
v,allotted,allot
v,allotting,allot
v,am,be
v,ammonified,ammonify
v,amnestied,amnesty
v,amplified,amplify
v,annulled,annul
v,annulling,annul
v,appalled,appal
v,appalled,appall
v,appalling,appal
v,appalling,appall
v,applied,apply
v,arcked,arc
v,arcking,arc
v,are,be
v,argufied,argufy
v,arisen,arise
v,arose,arise
v,ate,eat
v,atrophied,atrophy
v,averred,aver
v,averring,aver
v,awoke,awake
v,awoken,awake
v,babied,baby
v,'baby-sat','baby-sit'
v,'baby-sitting','baby-sit'
v,backbit,backbite
v,backbitten,backbite
v,backslid,backslide
v,backslidden,backslide
v,bade,bid
v,bagged,bag
v,bagging,bag
v,ballyragged,ballyrag
v,ballyragging,ballyrag
v,bandied,bandy
v,banned,ban
v,banning,ban
v,barred,bar
v,barrelled,barrel
v,barrelling,barrel
v,barring,bar
v,basified,basify
v,batted,bat
v,batting,bat
v,bayonetted,bayonet
v,bayonetting,bayonet
v,beaten,beat
v,beatified,beatify
v,beautified,beautify
v,became,become
v,bed,bed
v,bedded,bed
v,bedding,bed
v,bedevilled,bedevil
v,bedevilling,bedevil
v,bedimmed,bedim
v,bedimming,bedim
v,been,be
v,befallen,befall
v,befell,befall
v,befitted,befit
v,befitting,befit
v,befogged,befog
v,befogging,befog
v,began,begin
v,begat,beget
v,begetting,beget
v,begged,beg
v,begging,beg
v,beginning,begin
v,begot,beget
v,begotten,beget
v,begun,begin
v,beheld,behold
v,beholden,behold
v,bejewelled,bejewel
v,bejewelling,bejewel
v,bellied,belly
v,'belly-flopped','belly-flop'
v,'belly-flopping','belly-flop'
v,belying,belie
v,benefitted,benefit
v,benefitting,benefit
v,bent,bend
v,berried,berry
v,besetting,beset
v,besought,beseech
v,bespoke,bespeak
v,bespoken,bespeak
v,bestirred,bestir
v,bestirring,bestir
v,bestrewn,bestrew
v,bestrid,bestride
v,bestridden,bestride
v,bestrode,bestride
v,bethought,bethink
v,betted,bet
v,betting,bet
v,bevelled,bevel
v,bevelling,bevel
v,biassed,bias
v,biassing,bias
v,bidden,bid
v,bidding,bid
v,binned,bin
v,binning,bin
v,bit,bite
v,bitten,bite
v,bivouacked,bivouac
v,bivouacking,bivouac
v,blabbed,blab
v,blabbing,blab
v,blackberried,blackberry
v,blacklegged,blackleg
v,blacklegging,blackleg
v,blatted,blat
v,blatting,blat
v,bled,bleed
v,blest,bless
v,blew,blow
v,blobbed,blob
v,blobbing,blob
v,bloodied,bloody
v,blotted,blot
v,blotting,blot
v,blown,blow
v,blubbed,blub
v,blubbing,blub
v,'blue-pencilled','blue-pencil'
v,'blue-pencilling','blue-pencil'
v,blurred,blur
v,blurring,blur
v,bobbed,bob
v,bobbing,bob
v,bodied,body
v,bootlegged,bootleg
v,bootlegging,bootleg
v,bopped,bop
v,bopping,bop
v,bore,bear
v,born,bear
v,borne,bear
v,bought,buy
v,bound,bind
v,bragged,brag
v,bragging,brag
v,bred,breed
v,brevetted,brevet
v,brevetting,brevet
v,brimmed,brim
v,brimming,brim
v,broke,break
v,broken,break
v,brought,bring
v,browbeaten,browbeat
v,budded,bud
v,budding,bud
v,bugged,bug
v,bugging,bug
v,built,build
v,bulldogging,bulldog
v,bullied,bully
v,bullshitted,bullshit
v,bullshitting,bullshit
v,bullyragged,bullyrag
v,bullyragging,bullyrag
v,bummed,bum
v,bumming,bum
v,buried,bury
v,burnt,burn
v,burred,bur
v,burring,bur
v,bushelled,bushel
v,bushelling,bushel
v,busied,busy
v,bypast,bypass
v,caballed,cabal
v,caballing,cabal
v,caddied,caddie
v,caddied,caddy
v,caddies,caddie
v,caddies,caddy
v,caddying,caddie
v,caddying,caddy
v,calcified,calcify
v,came,come
v,canalled,canal
v,canalling,canal
v,cancelled,cancel
v,cancelling,cancel
v,candied,candy
v,canned,can
v,canning,can
v,canopied,canopy
v,capped,cap
v,capping,cap
v,carburetted,carburet
v,carburetting,carburet
v,carnified,carnify
v,carolled,carol
v,carolling,carol
v,carried,carry
v,catnapped,catnap
v,catnapping,catnap
v,catted,cat
v,catting,cat
v,caught,catch
v,cavilled,cavil
v,cavilling,cavil
v,certified,certify
v,channelled,channel
v,channelling,channel
v,chapped,chap
v,chapping,chap
v,charred,char
v,charring,char
v,chatted,chat
v,chatting,chat
v,chevied,chivy
v,chevies,chivy
v,chevying,chivy
v,chid,chide
v,chidden,chide
v,chinned,chin
v,chinning,chin
v,chipped,chip
v,chipping,chip
v,chiselled,chisel
v,chiselling,chisel
v,chitchatted,chitchat
v,chitchatting,chitchat
v,chivied,chivy
v,chivvied,chivy
v,chivvies,chivy
v,chivvying,chivy
v,chondrified,chondrify
v,chopped,chop
v,chopping,chop
v,chose,choose
v,chosen,choose
v,chugged,chug
v,chugging,chug
v,citified,citify
v,clad,clothe
v,clammed,clam
v,clamming,clam
v,clapped,clap
v,clapping,clap
v,clarified,clarify
v,classified,classify
v,cleft,cleave
v,clipped,clip
v,clipping,clip
v,clogged,clog
v,clogging,clog
v,clopped,clop
v,clopping,clop
v,clotted,clot
v,clotting,clot
v,clove,cleave
v,cloven,cleave
v,clubbed,club
v,clubbing,club
v,clung,cling
v,'co-ordinate',coordinate
v,'co-ordinated',coordinate
v,'co-ordinates',coordinate
v,'co-ordinating',coordinate
v,'co-starred','co-star'
v,'co-starring','co-star'
v,codded,cod
v,codding,cod
v,codified,codify
v,cogged,cog
v,cogging,cog
v,coiffed,coif
v,coiffing,coif
v,collied,colly
v,combatted,combat
v,combatting,combat
v,committed,commit
v,committing,commit
v,compelled,compel
v,compelling,compel
v,complied,comply
v,complotted,complot
v,complotting,complot
v,concurred,concur
v,concurring,concur
v,confabbed,confab
v,confabbing,confab
v,conferred,confer
v,conferring,confer
v,conned,con
v,conning,con
v,controlled,control
v,controlling,control
v,copied,copy
v,copped,cop
v,copping,cop
v,coquetted,coquet
v,coquetting,coquet
v,corralled,corral
v,corralling,corral
v,counselled,counsel
v,counselling,counsel
v,counterplotted,counterplot
v,counterplotting,counterplot
v,countersank,countersink
v,countersunk,countersink
v,'court-martialled','court-martial'
v,'court-martialling','court-martial'
v,crabbed,crab
v,crabbing,crab
v,crammed,cram
v,cramming,cram
v,crapped,crap
v,crapping,crap
v,crept,creep
v,cribbed,crib
v,cribbing,crib
v,cried,cry
v,cropped,crop
v,cropping,crop
v,crossbred,crossbreed
v,crosscutting,crosscut
v,crucified,crucify
v,cubbed,cub
v,cubbing,cub
v,cudgelled,cudgel
v,cudgelling,cudgel
v,cupped,cup
v,cupping,cup
v,curried,curry
v,curst,curse
v,curtsied,curtsy
v,curvetted,curvet
v,curvetting,curvet
v,cutting,cut
v,dabbed,dab
v,dabbing,dab
v,dallied,dally
v,dammed,dam
v,damming,dam
v,dandified,dandify
v,dealt,deal
v,debarred,debar
v,debarring,debar
v,debugged,debug
v,debugging,debug
v,decalcified,decalcify
v,declassified,declassify
v,decontrolled,decontrol
v,decontrolling,decontrol
v,decried,decry
v,'deep-fried','deep-fry'
v,deferred,defer
v,deferring,defer
v,defied,defy
v,degassed,degas
v,degasses,degas
v,degassing,degas
v,dehumidified,dehumidify
v,deified,deify
v,demobbed,demob
v,demobbing,demob
v,demulsified,demulsify
v,demurred,demur
v,demurring,demur
v,demystified,demystify
v,denazified,denazify
v,denied,deny
v,denitrified,denitrify
v,descried,descry
v,deterred,deter
v,deterring,deter
v,detoxified,detoxify
v,devilled,devil
v,devilling,devil
v,devitrified,devitrify
v,diagrammed,diagram
v,diagramming,diagram
v,dialled,dial
v,dialling,dial
v,did,do
v,digging,dig
v,dignified,dignify
v,'dilly-dallied','dilly-dally'
v,dimmed,dim
v,dimming,dim
v,dinned,din
v,dinning,din
v,dipped,dip
v,dipping,dip
v,dirtied,dirty
v,disbarred,disbar
v,disbarring,disbar
v,disbudded,disbud
v,disbudding,disbud
v,disembodied,disembody
v,disembowelled,disembowel
v,disembowelling,disembowel
v,dishevelled,dishevel
v,dishevelling,dishevel
v,disinterred,disinter
v,disinterring,disinter
v,dispelled,dispel
v,dispelling,dispel
v,disqualified,disqualify
v,dissatisfied,dissatisfy
v,distilled,distil
v,distilled,distill
v,distilling,distil
v,distilling,distill
v,diversified,diversify
v,dizzied,dizzy
v,dogged,dog
v,dogging,dog
v,done,do
v,donned,don
v,donning,don
v,dotted,dot
v,dotting,dot
v,dove,dive
v,dragged,drag
v,dragging,drag
v,drank,drink
v,drawn,draw
v,dreamt,dream
v,drew,draw
v,dried,dry
v,dripped,drip
v,dripping,drip
v,drivelled,drivel
v,drivelling,drivel
v,driven,drive
v,dropped,drop
v,dropping,drop
v,drove,drive
v,drubbed,drub
v,drubbing,drub
v,drugged,drug
v,drugging,drug
v,drummed,drum
v,drumming,drum
v,drunk,drink
v,dubbed,dub
v,dubbing,dub
v,duelled,duel
v,duelling,duel
v,dug,dig
v,dulcified,dulcify
v,dummied,dummy
v,dunned,dun
v,dunning,dun
v,dwelt,dwell
v,dying,die
v,eaten,eat
v,eavesdropped,eavesdrop
v,eavesdropping,eavesdrop
v,eddied,eddy
v,edified,edify
v,electrified,electrify
v,embedded,embed
v,embedding,embed
v,embodied,embody
v,emitted,emit
v,emitting,emit
v,empanelled,empanel
v,empanelling,empanel
v,emptied,empty
v,emulsified,emulsify
v,enamelled,enamel
v,enamelling,enamel
v,englutted,englut
v,englutting,englut
v,enrolled,enrol
v,enrolled,enroll
v,enrolling,enrol
v,enrolling,enroll
v,enthralled,enthral
v,enthralled,enthrall
v,enthralling,enthral
v,enthralling,enthrall
v,entrapped,entrap
v,entrapping,entrap
v,envied,envy
v,enwrapped,enwrap
v,enwrapping,enwrap
v,equalled,equal
v,equalling,equal
v,equipped,equip
v,equipping,equip
v,espied,espy
v,esterified,esterify
v,etherified,etherify
v,excelled,excel
v,excelling,excel
v,exemplified,exemplify
v,expelled,expel
v,expelling,expel
v,extolled,extol
v,extolling,extol
v,fagged,fag
v,fagging,fag
v,fallen,fall
v,falsified,falsify
v,fancied,fancy
v,fanned,fan
v,fanning,fan
v,fantasied,fantasy
v,fatted,fat
v,fatting,fat
v,featherbedded,featherbed
v,featherbedding,featherbed
v,fed,feed
v,feed,feed
v,feed,fee
v,fell,fall
v,felt,feel
v,ferried,ferry
v,fibbed,fib
v,fibbing,fib
v,finned,fin
v,finning,fin
v,fitted,fit
v,fitting,fit
v,flagged,flag
v,flagging,flag
v,flapped,flap
v,flapping,flap
v,fled,flee
v,flew,fly
v,'flip-flopped','flip-flop'
v,'flip-flopping','flip-flop'
v,flipped,flip
v,flipping,flip
v,flitted,flit
v,flitting,flit
v,flogged,flog
v,flogging,flog
v,floodlit,floodlight
v,flopped,flop
v,flopping,flop
v,flown,fly
v,flubbed,flub
v,flubbing,flub
v,flung,fling
v,flurried,flurry
v,fobbed,fob
v,fobbing,fob
v,fogged,fog
v,fogging,fog
v,footslogged,footslog
v,footslogging,footslog
v,forbad,forbid
v,forbade,forbid
v,forbidden,forbid
v,forbidding,forbid
v,forbore,forbear
v,forborne,forbear
v,'force-fed','force-feed'
v,foregone,forego
v,foreknew,foreknow
v,foreknown,foreknow
v,foresaw,foresee
v,foreseen,foresee
v,foreshown,foreshow
v,foretold,foretell
v,forewent,forego
v,forgave,forgive
v,forgetting,forget
v,forgiven,forgive
v,forgone,forgo
v,forgot,forget
v,forgotten,forget
v,formatted,format
v,formatting,format
v,forsaken,forsake
v,forsook,forsake
v,forswore,forswear
v,forsworn,forswear
v,fortified,fortify
v,forwent,forgo
v,fought,fight
v,found,find
v,foxtrotted,foxtrot
v,foxtrotting,foxtrot
v,frapped,frap
v,frapping,frap
v,'freeze-dried','freeze-dry'
v,fretted,fret
v,fretting,fret
v,fried,fry
v,frivolled,frivol
v,frivolling,frivol
v,frogged,frog
v,frogging,frog
v,frolicked,frolic
v,frolicking,frolic
v,froze,freeze
v,frozen,freeze
v,fructified,fructify
v,fuelled,fuel
v,fuelling,fuel
v,fulfilled,fulfil
v,fulfilled,fulfill
v,fulfilling,fulfil
v,fulfilling,fulfill
v,funnelled,funnel
v,funnelling,funnel
v,gadded,gad
v,gadding,gad
v,gagged,gag
v,gagging,gag
v,gainsaid,gainsay
v,gambolled,gambol
v,gambolling,gambol
v,gan,gin
v,gapped,gap
v,gapping,gap
v,gasified,gasify
v,gassed,gas
v,gasses,gas
v,gassing,gas
v,gave,give
v,gelled,gel
v,gelling,gel
v,gelt,geld
v,getting,get
v,ghostwritten,ghostwrite
v,ghostwrote,ghostwrite
v,gilt,gild
v,ginned,gin
v,ginning,gin
v,gipped,gip
v,gipping,gip
v,girt,gird
v,given,give
v,glommed,glom
v,glomming,glom
v,gloried,glory
v,glorified,glorify
v,glutted,glut
v,glutting,glut
v,gnawn,gnaw
v,gone,go
v,got,get
v,gotten,get
v,grabbed,grab
v,grabbing,grab
v,gratified,gratify
v,gravelled,gravel
v,gravelling,gravel
v,graven,grave
v,grew,grow
v,grinned,grin
v,grinning,grin
v,gripped,grip
v,gripping,grip
v,gript,grip
v,gritted,grit
v,gritting,grit
v,ground,grind
v,grovelled,grovel
v,grovelling,grovel
v,grown,grow
v,grubbed,grub
v,grubbing,grub
v,gummed,gum
v,gumming,gum
v,gunned,gun
v,gunning,gun
v,gypped,gyp
v,gypping,gyp
v,had,have
v,hammed,ham
v,hamming,ham
v,hamstrung,hamstring
v,handicapped,handicap
v,handicapping,handicap
v,harried,harry
v,has,have
v,hatchelled,hatchel
v,hatchelling,hatchel
v,hatted,hat
v,hatting,hat
v,heard,hear
v,hedgehopped,hedgehop
v,hedgehopping,hedgehop
v,held,hold
v,hemmed,hem
v,hemming,hem
v,hewn,hew
v,hiccupped,hiccup
v,hiccupping,hiccup
v,hid,hide
v,hidden,hide
v,hitting,hit
v,hobbed,hob
v,hobbing,hob
v,hobnobbed,hobnob
v,hobnobbing,hobnob
v,hogged,hog
v,hogging,hog
v,honied,honey
v,hopped,hop
v,hopping,hop
v,horrified,horrify
v,horsewhipped,horsewhip
v,horsewhipping,horsewhip
v,hove,heave
v,hugged,hug
v,hugging,hug
v,humbugged,humbug
v,humbugging,humbug
v,humidified,humidify
v,hummed,hum
v,humming,hum
v,hung,hang
v,hurried,hurry
v,hypertrophied,hypertrophy
v,identified,identify
v,imbedded,imbed
v,imbedding,imbed
v,impanelled,impanel
v,impanelling,impanel
v,impelled,impel
v,impelling,impel
v,implied,imply
v,incurred,incur
v,incurring,incur
v,indemnified,indemnify
v,indwelt,indwell
v,inferred,infer
v,inferring,infer
v,initialled,initial
v,initialling,initial
v,inlaid,inlay
v,insetting,inset
v,inspanned,inspan
v,inspanning,inspan
v,installed,instal
v,installed,install
v,installing,instal
v,installing,install
v,intensified,intensify
v,interbred,interbreed
v,intermarried,intermarry
v,intermitted,intermit
v,intermitting,intermit
v,interred,inter
v,interring,inter
v,interstratified,interstratify
v,interwove,interweave
v,interwoven,interweave
v,intromitted,intromit
v,intromitting,intromit
v,inwove,inweave
v,inwoven,inweave
v,is,be
v,jabbed,jab
v,jabbing,jab
v,jagged,jag
v,jagging,jag
v,jammed,jam
v,jamming,jam
v,japanned,japan
v,japanning,japan
v,jarred,jar
v,jarring,jar
v,jellied,jelly
v,jellified,jellify
v,jetted,jet
v,jetting,jet
v,jewelled,jewel
v,jewelling,jewel
v,jibbed,jib
v,jibbing,jib
v,jigged,jig
v,jigging,jig
v,jimmied,jimmy
v,jitterbugged,jitterbug
v,jitterbugging,jitterbug
v,jobbed,job
v,jobbing,job
v,jogged,jog
v,jogging,jog
v,jollied,jolly
v,jollified,jollify
v,jotted,jot
v,jotting,jot
v,jugged,jug
v,jugging,jug
v,justified,justify
v,jutted,jut
v,jutting,jut
v,kennelled,kennel
v,kennelling,kennel
v,kept,keep
v,kidded,kid
v,kidding,kid
v,kidnapped,kidnap
v,kidnapping,kidnap
v,kipped,kip
v,kipping,kip
v,knapped,knap
v,knapping,knap
v,kneecapped,kneecap
v,kneecapping,kneecap
v,knelt,kneel
v,knew,know
v,knitted,knit
v,knitting,knit
v,knotted,knot
v,knotting,knot
v,known,know
v,labelled,label
v,labelling,label
v,laden,lade
v,lagged,lag
v,lagging,lag
v,laid,lay
v,lain,lie
v,lallygagged,lallygag
v,lallygagging,lallygag
v,lammed,lam
v,lamming,lam
v,lapidified,lapidify
v,lapped,lap
v,lapping,lap
v,lay,lie
v,leant,lean
v,leapfrogged,leapfrog
v,leapfrogging,leapfrog
v,leapt,leap
v,learnt,learn
v,led,lead
v,left,leave
v,lent,lend
v,letting,let
v,levelled,level
v,levelling,level
v,levied,levy
v,libelled,libel
v,libelling,libel
v,lignified,lignify
v,liquefied,liquefy
v,liquified,liquify
v,lit,light
v,lobbed,lob
v,lobbied,lobby
v,lobbing,lob
v,logged,log
v,logging,log
v,lopped,lop
v,lopping,lop
v,lost,lose
v,lotted,lot
v,lotting,lot
v,lugged,lug
v,lugging,lug
v,lying,lie
v,made,make
v,magnified,magnify
v,manned,man
v,manning,man
v,manumitted,manumit
v,manumitting,manumit
v,mapped,map
v,mapping,map
v,marcelled,marcel
v,marcelling,marcel
v,marred,mar
v,married,marry
v,marring,mar
v,marshalled,marshal
v,marshalling,marshal
v,marvelled,marvel
v,marvelling,marvel
v,matted,mat
v,matting,mat
v,meant,mean
v,met,meet
v,metalled,metal
v,metalling,metal
v,metrified,metrify
v,mimicked,mimic
v,mimicking,mimic
v,minified,minify
v,misapplied,misapply
v,miscarried,miscarry
v,misdealt,misdeal
v,misgave,misgive
v,misgiven,misgive
v,mislaid,mislay
v,misled,mislead
v,misspelt,misspell
v,misspent,misspend
v,mistaken,mistake
v,mistook,mistake
v,misunderstood,misunderstand
v,mobbed,mob
v,mobbing,mob
v,modelled,model
v,modelling,model
v,modified,modify
v,mollified,mollify
v,molten,melt
v,mopped,mop
v,mopping,mop
v,mortified,mortify
v,mown,mow
v,mudded,mud
v,muddied,muddy
v,mudding,mud
v,mugged,mug
v,mugging,mug
v,multiplied,multiply
v,mummified,mummify
v,mutinied,mutiny
v,mystified,mystify
v,nabbed,nab
v,nabbing,nab
v,nagged,nag
v,nagging,nag
v,napped,nap
v,napping,nap
v,netted,net
v,netting,net
v,nickelled,nickel
v,nickelling,nickel
v,nipped,nip
v,nipping,nip
v,nitrified,nitrify
v,nodded,nod
v,nodding,nod
v,nonplussed,nonplus
v,nonplusses,nonplus
v,nonplussing,nonplus
v,notified,notify
v,nullified,nullify
v,nutted,nut
v,nutting,nut
v,objectified,objectify
v,occupied,occupy
v,occurred,occur
v,occurring,occur
v,offsetting,offset
v,omitted,omit
v,omitting,omit
v,ossified,ossify
v,outbidden,outbid
v,outbidding,outbid
v,outcried,outcry
v,outcropped,outcrop
v,outcropping,outcrop
v,outdid,outdo
v,outdone,outdo
v,outdrawn,outdraw
v,outdrew,outdraw
v,outfitted,outfit
v,outfitting,outfit
v,outfought,outfight
v,outgeneralled,outgeneral
v,outgeneralling,outgeneral
v,outgone,outgo
v,outgrew,outgrow
v,outgrown,outgrow
v,outputted,output
v,outputting,output
v,outran,outrun
v,outridden,outride
v,outrode,outride
v,outrunning,outrun
v,outshone,outshine
v,outsold,outsell
v,outspanned,outspan
v,outspanning,outspan
v,outstripped,outstrip
v,outstripping,outstrip
v,outwent,outgo
v,outwitted,outwit
v,outwitting,outwit
v,outwore,outwear
v,outworn,outwear
v,overbidden,overbid
v,overbidding,overbid
v,overbore,overbear
v,overborne,overbear
v,overcame,overcome
v,overcropped,overcrop
v,overcropping,overcrop
v,overdid,overdo
v,overdone,overdo
v,overdrawn,overdraw
v,overdrew,overdraw
v,overdriven,overdrive
v,overdrove,overdrive
v,overflew,overfly
v,overflown,overflow
v,overflown,overfly
v,overgrew,overgrow
v,overgrown,overgrow
v,overheard,overhear
v,overhung,overhang
v,overlaid,overlay
v,overlain,overlie
v,overlapped,overlap
v,overlapping,overlap
v,overlay,overlie
v,overlying,overlie
v,overpaid,overpay
v,overran,overrun
v,overridden,override
v,overrode,override
v,overrunning,overrun
v,oversaw,oversee
v,overseen,oversee
v,oversewn,oversew
v,overshot,overshoot
v,oversimplified,oversimplify
v,overslept,oversleep
v,overspent,overspend
v,overstepped,overstep
v,overstepping,overstep
v,overtaken,overtake
v,overthrew,overthrow
v,overthrown,overthrow
v,overtook,overtake
v,overtopped,overtop
v,overtopping,overtop
v,overwritten,overwrite
v,overwrote,overwrite
v,pacified,pacify
v,padded,pad
v,padding,pad
v,paid,pay
v,palled,pal
v,palling,pal
v,palsied,palsy
v,panelled,panel
v,panelling,panel
v,panicked,panic
v,panicking,panic
v,panned,pan
v,panning,pan
v,parallelled,parallel
v,parallelling,parallel
v,parcelled,parcel
v,parcelling,parcel
v,parodied,parody
v,parried,parry
v,partaken,partake
v,partook,partake
v,patrolled,patrol
v,patrolling,patrol
v,patted,pat
v,patting,pat
v,pedalled,pedal
v,pedalling,pedal
v,pegged,peg
v,pegging,peg
v,pencilled,pencil
v,pencilling,pencil
v,penned,pen
v,penning,pen
v,pent,pen
v,permitted,permit
v,permitting,permit
v,personified,personify
v,petrified,petrify
v,petted,pet
v,pettifogged,pettifog
v,pettifogging,pettifog
v,petting,pet
v,photocopied,photocopy
v,picnicked,picnic
v,picnicking,picnic
v,pigged,pig
v,pigging,pig
v,pilloried,pillory
v,pinned,pin
v,pinning,pin
v,pipped,pip
v,pipping,pip
v,'pistol-whipped','pistol-whip'
v,'pistol-whipping','pistol-whip'
v,pitied,pity
v,pitted,pit
v,pitting,pit
v,planned,plan
v,planning,plan
v,platted,plat
v,platting,plat
v,pled,plead
v,plied,ply
v,plodded,plod
v,plodding,plod
v,plopped,plop
v,plopping,plop
v,plotted,plot
v,plotting,plot
v,plugged,plug
v,plugging,plug
v,podded,pod
v,podding,pod
v,pommelled,pommel
v,pommelling,pommel
v,popped,pop
v,popping,pop
v,potted,pot
v,potting,pot
v,preachified,preachify
v,preferred,prefer
v,preferring,prefer
v,preoccupied,preoccupy
v,prepaid,prepay
v,pretermitted,pretermit
v,pretermitting,pretermit
v,prettified,prettify
v,pried,pry
v,primmed,prim
v,primming,prim
v,prodded,prod
v,prodding,prod
v,programmed,program
v,programmes,program
v,programming,program
v,propelled,propel
v,propelling,propel
v,prophesied,prophesy
v,propped,prop
v,propping,prop
v,proven,prove
v,pummelled,pummel
v,pummelling,pummel
v,punned,pun
v,punning,pun
v,pupped,pup
v,pupping,pup
v,purified,purify
v,putrefied,putrefy
v,puttied,putty
v,putting,put
v,qualified,qualify
v,quantified,quantify
v,quarrelled,quarrel
v,quarrelling,quarrel
v,quarried,quarry
v,queried,query
v,'quick-froze','quick-freeze'
v,'quick-frozen','quick-freeze'
v,quickstepped,quickstep
v,quickstepping,quickstep
v,quipped,quip
v,quipping,quip
v,quitted,quit
v,quitting,quit
v,quizzed,quiz
v,quizzes,quiz
v,quizzing,quiz
v,ragged,rag
v,ragging,rag
v,rallied,rally
v,ramified,ramify
v,rammed,ram
v,ramming,ram
v,ran,run
v,rang,ring
v,rapped,rap
v,rappelled,rappel
v,rappelling,rappel
v,rapping,rap
v,rarefied,rarefy
v,ratified,ratify
v,ratted,rat
v,ratting,rat
v,ravelled,ravel
v,ravelling,ravel
v,rebelled,rebel
v,rebelling,rebel
v,rebuilt,rebuild
v,rebutted,rebut
v,rebutting,rebut
v,recapped,recap
v,recapping,recap
v,reclassified,reclassify
v,recommitted,recommit
v,recommitting,recommit
v,recopied,recopy
v,rectified,rectify
v,recurred,recur
v,recurring,recur
v,redid,redo
v,redone,redo
v,referred,refer
v,referring,refer
v,refitted,refit
v,refitting,refit
v,reft,reave
v,refuelled,refuel
v,refuelling,refuel
v,regretted,regret
v,regretting,regret
v,reheard,rehear
v,reified,reify
v,relied,rely
v,remade,remake
v,remarried,remarry
v,remitted,remit
v,remitting,remit
v,rent,rend
v,repaid,repay
v,repelled,repel
v,repelling,repel
v,replied,reply
v,repotted,repot
v,repotting,repot
v,reran,rerun
v,rerunning,rerun
v,resetting,reset
v,resewn,resew
v,retaken,retake
v,rethought,rethink
v,retold,retell
v,retook,retake
v,retransmitted,retransmit
v,retransmitting,retransmit
v,retried,retry
v,retrofitted,retrofit
v,retrofitting,retrofit
v,retted,ret
v,retting,ret
v,reunified,reunify
v,revelled,revel
v,revelling,revel
v,revetted,revet
v,revetting,revet
v,revivified,revivify
v,revved,rev
v,revving,rev
v,rewound,rewind
v,rewritten,rewrite
v,rewrote,rewrite
v,ribbed,rib
v,ribbing,rib
v,ricochetted,ricochet
v,ricochetting,ricochet
v,ridded,rid
v,ridden,ride
v,ridding,rid
v,rigged,rig
v,rigging,rig
v,rigidified,rigidify
v,rimmed,rim
v,rimming,rim
v,ripped,rip
v,ripping,rip
v,risen,rise
v,rivalled,rival
v,rivalling,rival
v,riven,rive
v,robbed,rob
v,robbing,rob
v,rode,ride
v,rose,rise
v,rotted,rot
v,rotting,rot
v,'rough-dried','rough-dry'
v,'rough-hewn','rough-hew'
v,rove,reeve
v,rubbed,rub
v,rubbing,rub
v,rung,ring
v,running,run
v,rutted,rut
v,rutting,rut
v,saccharified,saccharify
v,sagged,sag
v,sagging,sag
v,said,say
v,sanctified,sanctify
v,sandbagged,sandbag
v,sandbagging,sandbag
v,sang,sing
v,sank,sink
v,saponified,saponify
v,sapped,sap
v,sapping,sap
v,sat,sit
v,satisfied,satisfy
v,savvied,savvy
v,saw,see
v,sawn,saw
v,scanned,scan
v,scanning,scan
v,scarified,scarify
v,scarred,scar
v,scarring,scar
v,scatted,scat
v,scatting,scat
v,scragged,scrag
v,scragging,scrag
v,scrammed,scram
v,scramming,scram
v,scrapped,scrap
v,scrapping,scrap
v,scried,scry
v,scrubbed,scrub
v,scrubbing,scrub
v,scudded,scud
v,scudding,scud
v,scummed,scum
v,scumming,scum
v,scurried,scurry
v,seed,seed
v,seen,see
v,sent,send
v,setting,set
v,sewn,sew
v,shagged,shag
v,shagging,shag
v,shaken,shake
v,shammed,sham
v,shamming,sham
v,shat,shit
v,shaven,shave
v,shed,shed
v,shedding,shed
v,shellacked,shellac
v,shellacking,shellac
v,shewn,shew
v,shied,shy
v,shillyshallied,shillyshally
v,shimmied,shimmy
v,shinned,shin
v,shinning,shin
v,shipped,ship
v,shipping,ship
v,shitted,shit
v,shitting,shit
v,shod,shoe
v,shone,shine
v,shook,shake
v,shopped,shop
v,shopping,shop
v,shot,shoot
v,shovelled,shovel
v,shovelling,shovel
v,shown,show
v,shrank,shrink
v,shredded,shred
v,shredding,shred
v,shrivelled,shrivel
v,shrivelling,shrivel
v,shriven,shrive
v,shrove,shrive
v,shrugged,shrug
v,shrugging,shrug
v,shrunk,shrink
v,shrunken,shrink
v,shunned,shun
v,shunning,shun
v,shutting,shut
v,sicked,sic
v,sicking,sic
v,sidestepped,sidestep
v,sidestepping,sidestep
v,sightsaw,sightsee
v,sightseen,sightsee
v,signalled,signal
v,signalling,signal
v,signified,signify
v,simplified,simplify
v,singing,sing
v,singing,singe
v,sinned,sin
v,sinning,sin
v,sipped,sip
v,sipping,sip
v,sitting,sit
v,'ski\'d',ski
v,skidded,skid
v,skidding,skid
v,skimmed,skim
v,skimming,skim
v,skinned,skin
v,skinning,skin
v,'skinny-dipped','skinny-dip'
v,'skinny-dipping','skinny-dip'
v,skipped,skip
v,skipping,skip
v,skydove,skydive
v,slagged,slag
v,slagging,slag
v,slain,slay
v,slammed,slam
v,slamming,slam
v,slapped,slap
v,slapping,slap
v,slatted,slat
v,slatting,slat
v,sledding,sled
v,slept,sleep
v,slew,slay
v,slid,slide
v,slidden,slide
v,slipped,slip
v,slipping,slip
v,slitting,slit
v,slogged,slog
v,slogging,slog
v,slopped,slop
v,slopping,slop
v,slotted,slot
v,slotting,slot
v,slugged,slug
v,slugging,slug
v,slummed,slum
v,slumming,slum
v,slung,sling
v,slunk,slink
v,slurred,slur
v,slurring,slur
v,smelt,smell
v,smit,smite
v,smitten,smite
v,smote,smite
v,smutted,smut
v,smutting,smut
v,snagged,snag
v,snagging,snag
v,snapped,snap
v,snapping,snap
v,snipped,snip
v,snipping,snip
v,snivelled,snivel
v,snivelling,snivel
v,snogged,snog
v,snogging,snog
v,snubbed,snub
v,snubbing,snub
v,snuck,sneak
v,sobbed,sob
v,sobbing,sob
v,sodded,sod
v,sodding,sod
v,'soft-pedalled','soft-pedal'
v,'soft-pedalling','soft-pedal'
v,sold,sell
v,solidified,solidify
v,sopped,sop
v,sopping,sop
v,sought,seek
v,sown,sow
v,spanned,span
v,spanning,span
v,sparred,spar
v,sparring,spar
v,spat,spit
v,spatted,spat
v,spatting,spat
v,specified,specify
v,sped,speed
v,speechified,speechify
v,spellbound,spellbind
v,spelt,spell
v,spent,spend
v,spied,spy
v,spilt,spill
v,'spin-dried','spin-dry'
v,spinning,spin
v,spiralled,spiral
v,spiralling,spiral
v,spitted,spit
v,spitting,spit
v,splitting,split
v,spoilt,spoil
v,spoke,speak
v,spoken,speak
v,spotlit,spotlight
v,spotted,spot
v,spotting,spot
v,sprang,spring
v,sprung,spring
v,spudded,spud
v,spudding,spud
v,spun,spin
v,spurred,spur
v,spurring,spur
v,squatted,squat
v,squatting,squat
v,squilgee,squeegee
v,stabbed,stab
v,stabbing,stab
v,stank,stink
v,starred,star
v,starring,star
v,steadied,steady
v,stemmed,stem
v,stemming,stem
v,stencilled,stencil
v,stencilling,stencil
v,stepped,step
v,stepping,step
v,stetted,stet
v,stetting,stet
v,stirred,stir
v,stirring,stir
v,stole,steal
v,stolen,steal
v,stood,stand
v,stopped,stop
v,stopping,stop
v,stove,stave
v,strapped,strap
v,strapping,strap
v,stratified,stratify
v,strewn,strew
v,stridden,stride
v,stripped,strip
v,stripping,strip
v,striven,strive
v,strode,stride
v,stropped,strop
v,stropping,strop
v,strove,strive
v,struck,strike
v,strummed,strum
v,strumming,strum
v,strung,string
v,strutted,strut
v,strutting,strut
v,stubbed,stub
v,stubbing,stub
v,stuck,stick
v,studded,stud
v,studding,stud
v,studied,study
v,stultified,stultify
v,stung,sting
v,stunk,stink
v,stunned,stun
v,stunning,stun
v,stupefied,stupefy
v,stymying,stymie
v,subbed,sub
v,subbing,sub
v,subletting,sublet
v,submitted,submit
v,submitting,submit
v,sullied,sully
v,summed,sum
v,summing,sum
v,sung,sing
v,sunk,sink
v,sunken,sink
v,sunned,sun
v,sunning,sun
v,supped,sup
v,supping,sup
v,supplied,supply
v,swabbed,swab
v,swabbing,swab
v,swagged,swag
v,swagging,swag
v,swam,swim
v,swapped,swap
v,swapping,swap
v,swatted,swat
v,swatting,swat
v,swept,sweep
v,swigged,swig
v,swigging,swig
v,swimming,swim
v,swivelled,swivel
v,swivelling,swivel
v,swollen,swell
v,swopped,swap
v,swopping,swap
v,swops,swap
v,swore,swear
v,sworn,swear
v,swotted,swot
v,swotting,swot
v,swum,swim
v,swung,swing
v,syllabified,syllabify
v,tagged,tag
v,tagging,tag
v,taken,take
v,talcked,talc
v,talcking,talc
v,tallied,tally
v,tanned,tan
v,tanning,tan
v,tapped,tap
v,tapping,tap
v,tarred,tar
v,tarried,tarry
v,tarring,tar
v,tatted,tat
v,tatting,tat
v,taught,teach
v,taxying,taxi
v,terrified,terrify
v,testified,testify
v,thinned,thin
v,thinning,thin
v,thought,think
v,threw,throw
v,thriven,thrive
v,throbbed,throb
v,throbbing,throb
v,throve,thrive
v,thrown,throw
v,thrummed,thrum
v,thrumming,thrum
v,thudded,thud
v,thudding,thud
v,tidied,tidy
v,tinned,tin
v,tinning,tin
v,tinselled,tinsel
v,tinselling,tinsel
v,tipped,tip
v,tipping,tip
v,tittupped,tittup
v,tittupping,tittup
v,toadied,toady
v,togged,tog
v,togging,tog
v,told,tell
v,took,take
v,topped,top
v,topping,top
v,tore,tear
v,torn,tear
v,totalled,total
v,totalling,total
v,totted,tot
v,totting,tot
v,towelled,towel
v,towelling,towel
v,trafficked,traffic
v,trafficking,traffic
v,trameled,trammel
v,trameling,trammel
v,tramelled,trammel
v,tramelling,trammel
v,tramels,trammel
v,trammed,tram
v,tramming,tram
v,transferred,transfer
v,transferring,transfer
v,transfixt,transfix
v,tranship,transship
v,transmitted,transmit
v,transmitting,transmit
v,transmogrified,transmogrify
v,transshipped,transship
v,transshipping,transship
v,trapped,trap
v,trapping,trap
v,travelled,travel
v,travelling,travel
v,travestied,travesty
v,trekked,trek
v,trekking,trek
v,trepanned,trepan
v,trepanning,trepan
v,tried,try
v,trimmed,trim
v,trimming,trim
v,tripped,trip
v,tripping,trip
v,trod,tread
v,trodden,tread
v,trotted,trot
v,trotting,trot
v,trowelled,trowel
v,trowelling,trowel
v,tugged,tug
v,tugging,tug
v,tumefied,tumefy
v,tunnelled,tunnel
v,tunnelling,tunnel
v,'tut-tutted','tut-tut'
v,'tut-tutting','tut-tut'
v,twigged,twig
v,twigging,twig
v,twinned,twin
v,twinning,twin
v,twitted,twit
v,twitting,twit
v,tying,tie
v,typesetting,typeset
v,typewritten,typewrite
v,typewrote,typewrite
v,typified,typify
v,uglified,uglify
v,unbarred,unbar
v,unbarring,unbar
v,unbent,unbend
v,unbound,unbind
v,unclad,unclothe
v,unclogged,unclog
v,unclogging,unclog
v,underbidding,underbid
v,undercutting,undercut
v,undergirt,undergird
v,undergone,undergo
v,underlaid,underlay
v,underlain,underlie
v,underlay,underlie
v,underlying,underlie
v,underpaid,underpay
v,underpinned,underpin
v,underpinning,underpin
v,undershot,undershoot
v,undersold,undersell
v,understood,understand
v,understudied,understudy
v,undertaken,undertake
v,undertook,undertake
v,underwent,undergo
v,underwritten,underwrite
v,underwrote,underwrite
v,undid,undo
v,undone,undo
v,unfitted,unfit
v,unfitting,unfit
v,unfroze,unfreeze
v,unfrozen,unfreeze
v,unified,unify
v,unlearnt,unlearn
v,unmade,unmake
v,unmanned,unman
v,unmanning,unman
v,unpinned,unpin
v,unpinning,unpin
v,unplugged,unplug
v,unplugging,unplug
v,unravelled,unravel
v,unravelling,unravel
v,unsaid,unsay
v,unstrung,unstring
v,untaught,unteach
v,untying,untie
v,unwound,unwind
v,unwrapped,unwrap
v,unwrapping,unwrap
v,unzipped,unzip
v,unzipping,unzip
v,upheld,uphold
v,uphove,upheave
v,upped,up
v,upping,up
v,uprisen,uprise
v,uprose,uprise
v,upsetting,upset
v,varied,vary
v,verbified,verbify
v,verified,verify
v,versified,versify
v,vetted,vet
v,vetting,vet
v,victualled,victual
v,victualling,victual
v,vilified,vilify
v,vitrified,vitrify
v,vitriolled,vitriol
v,vitriolling,vitriol
v,vivified,vivify
v,vying,vie
v,wadded,wad
v,wadding,wad
v,wagged,wag
v,wagging,wag
v,wanned,wan
v,wanning,wan
v,warred,war
v,warring,war
v,was,be
v,waylaid,waylay
v,wearied,weary
v,weatherstripped,weatherstrip
v,weatherstripping,weatherstrip
v,webbed,web
v,webbing,web
v,wedded,wed
v,wedding,wed
v,weed,weed
v,went,go
v,wept,weep
v,were,be
v,wetted,wet
v,wetting,wet
v,whammed,wham
v,whamming,wham
v,whapped,whap
v,whapping,whap
v,whetted,whet
v,whetting,whet
v,whinnied,whinny
v,whipped,whip
v,whipping,whip
v,whipsawn,whipsaw
v,whirred,whir
v,whirring,whir
v,whizzed,whiz
v,whizzes,whiz
v,whizzing,whiz
v,whopped,whop
v,whopping,whop
v,wigwagged,wigwag
v,wigwagging,wigwag
v,'window-shopped','window-shop'
v,'window-shopping','window-shop'
v,winning,win
v,withdrawn,withdraw
v,withdrew,withdraw
v,withheld,withhold
v,withstood,withstand
v,woke,wake
v,woken,wake
v,won,win
v,wore,wear
v,worn,wear
v,worried,worry
v,worshipped,worship
v,worshipping,worship
v,wound,wind
v,wove,weave
v,woven,weave
v,wrapped,wrap
v,wrapping,wrap
v,written,write
v,wrote,write
v,wrought,work
v,wrung,wring
v,yakked,yak
v,yakking,yak
v,yapped,yap
v,yapping,yap
v,yenned,yen
v,yenning,yen
v,yodelled,yodel
v,yodelling,yodel
v,zapped,zap
v,zapping,zap
v,zigzagged,zigzag
v,zigzagging,zigzag
v,zipped,zip
v,zipping,zip
a,after,after
a,airier,airy
a,airiest,airy
a,angrier,angry
a,angriest,angry
a,artier,arty
a,artiest,arty
a,ashier,ashy
a,ashiest,ashy
a,baggier,baggy
a,baggiest,baggy
a,balkier,balky
a,balkiest,balky
a,balmier,balmy
a,balmiest,balmy
a,bandier,bandy
a,bandiest,bandy
a,barmier,barmy
a,barmiest,barmy
a,battier,batty
a,battiest,batty
a,bawdier,bawdy
a,bawdiest,bawdy
a,beadier,beady
a,beadiest,beady
a,beastlier,beastly
a,beastliest,beastly
a,beefier,beefy
a,beefiest,beefy
a,beerier,beery
a,beeriest,beery
a,best,good
a,better,well
a,better,good
a,bigger,big
a,biggest,big
a,bitchier,bitchy
a,bitchiest,bitchy
a,bittier,bitty
a,bittiest,bitty
a,blearier,bleary
a,bleariest,bleary
a,bloodier,bloody
a,bloodiest,bloody
a,bloodthirstier,bloodthirsty
a,bloodthirstiest,bloodthirsty
a,blowier,blowy
a,blowiest,blowy
a,blowsier,blowsy
a,blowsiest,blowsy
a,blowzier,blowzy
a,blowziest,blowzy
a,bluer,blue
a,bluest,blue
a,bonier,bony
a,boniest,bony
a,bonnier,bonny
a,bonniest,bonny
a,boozier,boozy
a,booziest,boozy
a,boskier,bosky
a,boskiest,bosky
a,bossier,bossy
a,bossiest,bossy
a,botchier,botchy
a,botchiest,botchy
a,bouncier,bouncy
a,bounciest,bouncy
a,brainier,brainy
a,brainiest,brainy
a,brassier,brassy
a,brassiest,brassy
a,brawnier,brawny
a,brawniest,brawny
a,breezier,breezy
a,breeziest,breezy
a,brinier,briny
a,briniest,briny
a,broodier,broody
a,broodiest,broody
a,bubblier,bubbly
a,bubbliest,bubbly
a,buggier,buggy
a,buggiest,buggy
a,bulkier,bulky
a,bulkiest,bulky
a,bumpier,bumpy
a,bumpiest,bumpy
a,bunchier,bunchy
a,bunchiest,bunchy
a,burlier,burly
a,burliest,burly
a,burrier,burry
a,burriest,burry
a,bushier,bushy
a,bushiest,bushy
a,busier,busy
a,busiest,busy
a,bustier,busty
a,bustiest,busty
a,cagier,cagey
a,cagiest,cagey
a,cannier,canny
a,canniest,canny
a,cantier,canty
a,cantiest,canty
a,catchier,catchy
a,catchiest,catchy
a,cattier,catty
a,cattiest,catty
a,chancier,chancy
a,chanciest,chancy
a,charier,chary
a,chariest,chary
a,chattier,chatty
a,chattiest,chatty
a,cheekier,cheeky
a,cheekiest,cheeky
a,cheerier,cheery
a,cheeriest,cheery
a,cheesier,cheesy
a,cheesiest,cheesy
a,chestier,chesty
a,chestiest,chesty
a,chewier,chewy
a,chewiest,chewy
a,chillier,chilly
a,chilliest,chilly
a,chintzier,chintzy
a,chintziest,chintzy
a,choosier,choosy
a,choosiest,choosy
a,choppier,choppy
a,choppiest,choppy
a,chubbier,chubby
a,chubbiest,chubby
a,chummier,chummy
a,chummiest,chummy
a,chunkier,chunky
a,chunkiest,chunky
a,clammier,clammy
a,clammiest,clammy
a,classier,classy
a,classiest,classy
a,cleanlier,cleanly
a,cleanliest,cleanly
a,cloudier,cloudy
a,cloudiest,cloudy
a,clubbier,clubby
a,clubbiest,clubby
a,clumsier,clumsy
a,clumsiest,clumsy
a,cockier,cocky
a,cockiest,cocky
a,comelier,comely
a,comeliest,comely
a,comfier,comfy
a,comfiest,comfy
a,cornier,corny
a,corniest,corny
a,cosier,cosy
a,cosiest,cosy
a,costlier,costly
a,costliest,costly
a,courtlier,courtly
a,courtliest,courtly
a,cozier,cozy
a,coziest,cozy
a,crabbier,crabby
a,crabbiest,crabby
a,craftier,crafty
a,craftiest,crafty
a,craggier,craggy
a,craggiest,craggy
a,crankier,cranky
a,crankiest,cranky
a,crazier,crazy
a,craziest,crazy
a,creamier,creamy
a,creamiest,creamy
a,creepier,creepy
a,creepiest,creepy
a,crispier,crispy
a,crispiest,crispy
a,crumblier,crumbly
a,crumbliest,crumbly
a,crummier,crummy
a,crummiest,crummy
a,crustier,crusty
a,crustiest,crusty
a,curlier,curly
a,curliest,curly
a,cuter,cute
a,daintier,dainty
a,daintiest,dainty
a,dandier,dandy
a,dandiest,dandy
a,deadlier,deadly
a,deadliest,deadly
a,dewier,dewy
a,dewiest,dewy
a,dicier,dicey
a,diciest,dicey
a,dimmer,dim
a,dimmest,dim
a,dingier,dingy
a,dingiest,dingy
a,dinkier,dinky
a,dinkiest,dinky
a,dirtier,dirty
a,dirtiest,dirty
a,dishier,dishy
a,dishiest,dishy
a,dizzier,dizzy
a,dizziest,dizzy
a,dodgier,dodgy
a,dodgiest,dodgy
a,dopier,dopey
a,dopiest,dopey
a,dottier,dotty
a,dottiest,dotty
a,doughier,doughy
a,doughiest,doughy
a,dowdier,dowdy
a,dowdiest,dowdy
a,downier,downy
a,downiest,downy
a,dozier,dozy
a,doziest,dozy
a,drabber,drab
a,drabbest,drab
a,draftier,drafty
a,draftiest,drafty
a,draughtier,draughty
a,draughtiest,draughty
a,dreamier,dreamy
a,dreamiest,dreamy
a,drearier,dreary
a,dreariest,dreary
a,dressier,dressy
a,dressiest,dressy
a,drier,dry
a,driest,dry
a,drippier,drippy
a,drippiest,drippy
a,drowsier,drowsy
a,drowsiest,drowsy
a,dryer,dry
a,dryest,dry
a,dumpier,dumpy
a,dumpiest,dumpy
a,dunner,dun
a,dunnest,dun
a,duskier,dusky
a,duskiest,dusky
a,dustier,dusty
a,dustiest,dusty
a,earlier,early
a,earliest,early
a,earthier,earthy
a,earthiest,earthy
a,earthlier,earthly
a,earthliest,earthly
a,easier,easy
a,easiest,easy
a,edgier,edgy
a,edgiest,edgy
a,eerier,eerie
a,eeriest,eerie
a,emptier,empty
a,emptiest,empty
a,fancier,fancy
a,fanciest,fancy
a,fatter,fat
a,fattest,fat
a,fattier,fatty
a,fattiest,fatty
a,faultier,faulty
a,faultiest,faulty
a,feistier,feisty
a,feistiest,feisty
a,filmier,filmy
a,filmiest,filmy
a,filthier,filthy
a,filthiest,filthy
a,fishier,fishy
a,fishiest,fishy
a,fitter,fit
a,fittest,fit
a,flabbier,flabby
a,flabbiest,flabby
a,flakier,flaky
a,flakiest,flaky
a,flashier,flashy
a,flashiest,flashy
a,flatter,flat
a,flattest,flat
a,flauntier,flaunty
a,flauntiest,flaunty
a,fleecier,fleecy
a,fleeciest,fleecy
a,fleshier,fleshy
a,fleshiest,fleshy
a,fleshlier,fleshly
a,fleshliest,fleshly
a,flightier,flighty
a,flightiest,flighty
a,flimsier,flimsy
a,flimsiest,flimsy
a,flintier,flinty
a,flintiest,flinty
a,floatier,floaty
a,floatiest,floaty
a,floppier,floppy
a,floppiest,floppy
a,flossier,flossy
a,flossiest,flossy
a,fluffier,fluffy
a,fluffiest,fluffy
a,flukier,fluky
a,flukiest,fluky
a,foamier,foamy
a,foamiest,foamy
a,foggier,foggy
a,foggiest,foggy
a,folksier,folksy
a,folksiest,folksy
a,foolhardier,foolhardy
a,foolhardiest,foolhardy
a,foxier,foxy
a,foxiest,foxy
a,freakier,freaky
a,freakiest,freaky
a,freer,free
a,freest,free
a,friendlier,friendly
a,friendliest,friendly
a,friskier,frisky
a,friskiest,frisky
a,frizzier,frizzy
a,frizziest,frizzy
a,frizzlier,frizzly
a,frizzliest,frizzly
a,frostier,frosty
a,frostiest,frosty
a,frowsier,frowsy
a,frowsiest,frowsy
a,frowzier,frowzy
a,frowziest,frowzy
a,fruitier,fruity
a,fruitiest,fruity
a,funkier,funky
a,funkiest,funky
a,funnier,funny
a,funniest,funny
a,furrier,furry
a,furriest,furry
a,fussier,fussy
a,fussiest,fussy
a,fustier,fusty
a,fustiest,fusty
a,fuzzier,fuzzy
a,fuzziest,fuzzy
a,gabbier,gabby
a,gabbiest,gabby
a,gamier,gamy
a,gamiest,gamy
a,gammier,gammy
a,gammiest,gammy
a,gassier,gassy
a,gassiest,gassy
a,gaudier,gaudy
a,gaudiest,gaudy
a,gauzier,gauzy
a,gauziest,gauzy
a,gawkier,gawky
a,gawkiest,gawky
a,ghastlier,ghastly
a,ghastliest,ghastly
a,ghostlier,ghostly
a,ghostliest,ghostly
a,giddier,giddy
a,giddiest,giddy
a,gladder,glad
a,gladdest,glad
a,glassier,glassy
a,glassiest,glassy
a,glibber,glib
a,glibbest,glib
a,gloomier,gloomy
a,gloomiest,gloomy
a,glossier,glossy
a,glossiest,glossy
a,glummer,glum
a,glummest,glum
a,godlier,godly
a,godliest,godly
a,goodlier,goodly
a,goodliest,goodly
a,goofier,goofy
a,goofiest,goofy
a,gooier,gooey
a,gooiest,gooey
a,goosier,goosy
a,goosiest,goosy
a,gorier,gory
a,goriest,gory
a,grainier,grainy
a,grainiest,grainy
a,grassier,grassy
a,grassiest,grassy
a,greasier,greasy
a,greasiest,greasy
a,greedier,greedy
a,greediest,greedy
a,grimmer,grim
a,grimmest,grim
a,grislier,grisly
a,grisliest,grisly
a,grittier,gritty
a,grittiest,gritty
a,grizzlier,grizzly
a,grizzliest,grizzly
a,groggier,groggy
a,groggiest,groggy
a,groovier,groovy
a,grooviest,groovy
a,grottier,grotty
a,grottiest,grotty
a,grubbier,grubby
a,grubbiest,grubby
a,grumpier,grumpy
a,grumpiest,grumpy
a,guiltier,guilty
a,guiltiest,guilty
a,gummier,gummy
a,gummiest,gummy
a,gushier,gushy
a,gushiest,gushy
a,gustier,gusty
a,gustiest,gusty
a,gutsier,gutsy
a,gutsiest,gutsy
a,hairier,hairy
a,hairiest,hairy
a,halfways,halfway
a,hammier,hammy
a,hammiest,hammy
a,handier,handy
a,handiest,handy
a,happier,happy
a,happiest,happy
a,hardier,hardy
a,hardiest,hardy
a,hastier,hasty
a,hastiest,hasty
a,haughtier,haughty
a,haughtiest,haughty
a,hazier,hazy
a,haziest,hazy
a,headier,heady
a,headiest,heady
a,healthier,healthy
a,healthiest,healthy
a,heartier,hearty
a,heartiest,hearty
a,heavier,heavy
a,heaviest,heavy
a,heftier,hefty
a,heftiest,hefty
a,hepper,hep
a,heppest,hep
a,hinder,hind
a,hipper,hip
a,hippest,hip
a,hoarier,hoary
a,hoariest,hoary
a,holier,holy
a,holiest,holy
a,homelier,homely
a,homeliest,homely
a,homier,homey
a,homiest,homey
a,hornier,horny
a,horniest,horny
a,hotter,hot
a,hottest,hot
a,hungrier,hungry
a,hungriest,hungry
a,huskier,husky
a,huskiest,husky
a,icier,icy
a,iciest,icy
a,inkier,inky
a,inkiest,inky
a,jaggier,jaggy
a,jaggiest,jaggy
a,jauntier,jaunty
a,jauntiest,jaunty
a,jazzier,jazzy
a,jazziest,jazzy
a,jerkier,jerky
a,jerkiest,jerky
a,jollier,jolly
a,jolliest,jolly
a,juicier,juicy
a,juiciest,juicy
a,jumpier,jumpy
a,jumpiest,jumpy
a,kindlier,kindly
a,kindliest,kindly
a,kinkier,kinky
a,kinkiest,kinky
a,knottier,knotty
a,knottiest,knotty
a,kookier,kooky
a,kookiest,kooky
a,lacier,lacy
a,laciest,lacy
a,lankier,lanky
a,lankiest,lanky
a,lazier,lazy
a,laziest,lazy
a,leafier,leafy
a,leafiest,leafy
a,leakier,leaky
a,leakiest,leaky
a,leerier,leery
a,leeriest,leery
a,leggier,leggy
a,leggiest,leggy
a,lengthier,lengthy
a,lengthiest,lengthy
a,livelier,lively
a,liveliest,lively
a,liver,liver
a,loftier,lofty
a,loftiest,lofty
a,logier,logy
a,logiest,logy
a,lonelier,lonely
a,loneliest,lonely
a,loonier,loony
a,looniest,loony
a,loopier,loopy
a,loopiest,loopy
a,lordlier,lordly
a,lordliest,lordly
a,lousier,lousy
a,lousiest,lousy
a,lovelier,lovely
a,loveliest,lovely
a,lowlier,lowly
a,lowliest,lowly
a,luckier,lucky
a,luckiest,lucky
a,lumpier,lumpy
a,lumpiest,lumpy
a,lustier,lusty
a,lustiest,lusty
a,madder,mad
a,maddest,mad
a,mangier,mangy
a,mangiest,mangy
a,mankier,manky
a,mankiest,manky
a,manlier,manly
a,manliest,manly
a,marshier,marshy
a,marshiest,marshy
a,mazier,mazy
a,maziest,mazy
a,mealier,mealy
a,mealiest,mealy
a,measlier,measly
a,measliest,measly
a,meatier,meaty
a,meatiest,meaty
a,merrier,merry
a,merriest,merry
a,messier,messy
a,messiest,messy
a,mightier,mighty
a,mightiest,mighty
a,milkier,milky
a,milkiest,milky
a,mingier,mingy
a,mingiest,mingy
a,mirkier,mirky
a,mirkiest,mirky
a,mistier,misty
a,mistiest,misty
a,modest,modest
a,moldier,moldy
a,moldiest,moldy
a,moodier,moody
a,moodiest,moody
a,moonier,moony
a,mooniest,moony
a,mothier,mothy
a,mothiest,mothy
a,mouldier,mouldy
a,mouldiest,mouldy
a,mousier,mousy
a,mousiest,mousy
a,muckier,mucky
a,muckiest,mucky
a,muddier,muddy
a,muddiest,muddy
a,muggier,muggy
a,muggiest,muggy
a,murkier,murky
a,murkiest,murky
a,mushier,mushy
a,mushiest,mushy
a,muskier,musky
a,muskiest,musky
a,mustier,musty
a,mustiest,musty
a,muzzier,muzzy
a,muzziest,muzzy
a,nappier,nappy
a,nappiest,nappy
a,nastier,nasty
a,nastiest,nasty
a,nattier,natty
a,nattiest,natty
a,naughtier,naughty
a,naughtiest,naughty
a,needier,needy
a,neediest,needy
a,nervier,nervy
a,nerviest,nervy
a,newsier,newsy
a,newsiest,newsy
a,niftier,nifty
a,niftiest,nifty
a,nippier,nippy
a,nippiest,nippy
a,noisier,noisy
a,noisiest,noisy
a,nosier,nosy
a,nosiest,nosy
a,nuttier,nutty
a,nuttiest,nutty
a,offer,off
a,oilier,oily
a,oiliest,oily
a,oozier,oozy
a,ooziest,oozy
a,pallier,pally
a,palliest,pally
a,palmier,palmy
a,palmiest,palmy
a,paltrier,paltry
a,paltriest,paltry
a,parkier,parky
a,parkiest,parky
a,pastier,pasty
a,pastiest,pasty
a,patchier,patchy
a,patchiest,patchy
a,pawkier,pawky
a,pawkiest,pawky
a,peachier,peachy
a,peachiest,peachy
a,pearlier,pearly
a,pearliest,pearly
a,peppier,peppy
a,peppiest,peppy
a,perkier,perky
a,perkiest,perky
a,peskier,pesky
a,peskiest,pesky
a,pettier,petty
a,pettiest,petty
a,phonier,phony
a,phoniest,phony
a,pickier,picky
a,pickiest,picky
a,piggier,piggy
a,piggiest,piggy
a,pitchier,pitchy
a,pitchiest,pitchy
a,pithier,pithy
a,pithiest,pithy
a,pluckier,plucky
a,pluckiest,plucky
a,plumier,plumy
a,plumiest,plumy
a,plummier,plummy
a,plummiest,plummy
a,podgier,podgy
a,podgiest,podgy
a,pokier,poky
a,pokiest,poky
a,portlier,portly
a,portliest,portly
a,pottier,potty
a,pottiest,potty
a,preachier,preachy
a,preachiest,preachy
a,prettier,pretty
a,prettiest,pretty
a,pricier,pricy
a,priciest,pricy
a,pricklier,prickly
a,prickliest,prickly
a,priestlier,priestly
a,priestliest,priestly
a,primmer,prim
a,primmest,prim
a,princelier,princely
a,princeliest,princely
a,prissier,prissy
a,prissiest,prissy
a,privier,privy
a,priviest,privy
a,prosier,prosy
a,prosiest,prosy
a,pudgier,pudgy
a,pudgiest,pudgy
a,puffier,puffy
a,puffiest,puffy
a,pulpier,pulpy
a,pulpiest,pulpy
a,punier,puny
a,puniest,puny
a,pushier,pushy
a,pushiest,pushy
a,pussier,pussy
a,pussiest,pussy
a,quaggier,quaggy
a,quaggiest,quaggy
a,queasier,queasy
a,queasiest,queasy
a,queenlier,queenly
a,queenliest,queenly
a,racier,racy
a,raciest,racy
a,rainier,rainy
a,rainiest,rainy
a,randier,randy
a,randiest,randy
a,rangier,rangy
a,rangiest,rangy
a,rattier,ratty
a,rattiest,ratty
a,raunchier,raunchy
a,raunchiest,raunchy
a,readier,ready
a,readiest,ready
a,redder,red
a,reddest,red
a,reedier,reedy
a,reediest,reedy
a,rimier,rimy
a,rimiest,rimy
a,riskier,risky
a,riskiest,risky
a,ritzier,ritzy
a,ritziest,ritzy
a,rockier,rocky
a,rockiest,rocky
a,roilier,roily
a,roiliest,roily
a,roomier,roomy
a,roomiest,roomy
a,ropier,ropy
a,ropiest,ropy
a,rosier,rosy
a,rosiest,rosy
a,rowdier,rowdy
a,rowdiest,rowdy
a,ruddier,ruddy
a,ruddiest,ruddy
a,runnier,runny
a,runniest,runny
a,rushier,rushy
a,rushiest,rushy
a,rustier,rusty
a,rustiest,rusty
a,ruttier,rutty
a,ruttiest,rutty
a,sadder,sad
a,saddest,sad
a,saltier,salty
a,saltiest,salty
a,sandier,sandy
a,sandiest,sandy
a,sappier,sappy
a,sappiest,sappy
a,sassier,sassy
a,sassiest,sassy
a,saucier,saucy
a,sauciest,saucy
a,scabbier,scabby
a,scabbiest,scabby
a,scalier,scaly
a,scaliest,scaly
a,scantier,scanty
a,scantiest,scanty
a,scarier,scary
a,scariest,scary
a,scraggier,scraggy
a,scraggiest,scraggy
a,scragglier,scraggly
a,scraggliest,scraggly
a,scrappier,scrappy
a,scrappiest,scrappy
a,scrawnier,scrawny
a,scrawniest,scrawny
a,screwier,screwy
a,screwiest,screwy
a,scrubbier,scrubby
a,scrubbiest,scrubby
a,scruffier,scruffy
a,scruffiest,scruffy
a,scurvier,scurvy
a,scurviest,scurvy
a,seamier,seamy
a,seamiest,seamy
a,seedier,seedy
a,seediest,seedy
a,seemlier,seemly
a,seemliest,seemly
a,sexier,sexy
a,sexiest,sexy
a,shabbier,shabby
a,shabbiest,shabby
a,shadier,shady
a,shadiest,shady
a,shaggier,shaggy
a,shaggiest,shaggy
a,shakier,shaky
a,shakiest,shaky
a,shapelier,shapely
a,shapeliest,shapely
a,shier,shy
a,shiest,shy
a,shiftier,shifty
a,shiftiest,shifty
a,shinier,shiny
a,shiniest,shiny
a,shirtier,shirty
a,shirtiest,shirty
a,shoddier,shoddy
a,shoddiest,shoddy
a,showier,showy
a,showiest,showy
a,shrubbier,shrubby
a,shrubbiest,shrubby
a,shyer,shy
a,shyest,shy
a,sicklier,sickly
a,sickliest,sickly
a,sightlier,sightly
a,sightliest,sightly
a,silkier,silky
a,silkiest,silky
a,sillier,silly
a,silliest,silly
a,sketchier,sketchy
a,sketchiest,sketchy
a,skimpier,skimpy
a,skimpiest,skimpy
a,skinnier,skinny
a,skinniest,skinny
a,slaphappier,slaphappy
a,slaphappiest,slaphappy
a,slatier,slaty
a,slatiest,slaty
a,sleazier,sleazy
a,sleaziest,sleazy
a,sleepier,sleepy
a,sleepiest,sleepy
a,slier,sly
a,sliest,sly
a,slimier,slimy
a,slimiest,slimy
a,slimmer,slim
a,slimmest,slim
a,slippier,slippy
a,slippiest,slippy
a,sloppier,sloppy
a,sloppiest,sloppy
a,slyer,sly
a,slyest,sly
a,smarmier,smarmy
a,smarmiest,smarmy
a,smellier,smelly
a,smelliest,smelly
a,smokier,smoky
a,smokiest,smoky
a,smugger,smug
a,smuggest,smug
a,snakier,snaky
a,snakiest,snaky
a,snappier,snappy
a,snappiest,snappy
a,snazzier,snazzy
a,snazziest,snazzy
a,sniffier,sniffy
a,sniffiest,sniffy
a,snootier,snooty
a,snootiest,snooty
a,snottier,snotty
a,snottiest,snotty
a,snowier,snowy
a,snowiest,snowy
a,snugger,snug
a,snuggest,snug
a,soapier,soapy
a,soapiest,soapy
a,soggier,soggy
a,soggiest,soggy
a,sonsier,sonsy
a,sonsiest,sonsy
a,sootier,sooty
a,sootiest,sooty
a,soppier,soppy
a,soppiest,soppy
a,sorrier,sorry
a,sorriest,sorry
a,soupier,soupy
a,soupiest,soupy
a,speedier,speedy
a,speediest,speedy
a,spicier,spicy
a,spiciest,spicy
a,spiffier,spiffy
a,spiffiest,spiffy
a,spikier,spiky
a,spikiest,spiky
a,spindlier,spindly
a,spindliest,spindly
a,spinier,spiny
a,spiniest,spiny
a,splashier,splashy
a,splashiest,splashy
a,spongier,spongy
a,spongiest,spongy
a,spookier,spooky
a,spookiest,spooky
a,sportier,sporty
a,sportiest,sporty
a,spottier,spotty
a,spottiest,spotty
a,sprier,spry
a,spriest,spry
a,sprightlier,sprightly
a,sprightliest,sprightly
a,springier,springy
a,springiest,springy
a,squashier,squashy
a,squashiest,squashy
a,squatter,squat
a,squattest,squat
a,squattier,squatty
a,squattiest,squatty
a,squiffier,squiffy
a,squiffiest,squiffy
a,stagier,stagy
a,stagiest,stagy
a,starchier,starchy
a,starchiest,starchy
a,starrier,starry
a,starriest,starry
a,statelier,stately
a,stateliest,stately
a,steadier,steady
a,steadiest,steady
a,stealthier,stealthy
a,stealthiest,stealthy
a,steamier,steamy
a,steamiest,steamy
a,stingier,stingy
a,stingiest,stingy
a,stockier,stocky
a,stockiest,stocky
a,stodgier,stodgy
a,stodgiest,stodgy
a,stonier,stony
a,stoniest,stony
a,stormier,stormy
a,stormiest,stormy
a,streakier,streaky
a,streakiest,streaky
a,stretchier,stretchy
a,stretchiest,stretchy
a,stringier,stringy
a,stringiest,stringy
a,stripier,stripy
a,stripiest,stripy
a,stronger,strong
a,strongest,strong
a,stroppier,stroppy
a,stroppiest,stroppy
a,stuffier,stuffy
a,stuffiest,stuffy
a,stumpier,stumpy
a,stumpiest,stumpy
a,sturdier,sturdy
a,sturdiest,sturdy
a,sulkier,sulky
a,sulkiest,sulky
a,sultrier,sultry
a,sultriest,sultry
a,sunnier,sunny
a,sunniest,sunny
a,surlier,surly
a,surliest,surly
a,swagger,swagger
a,swankier,swanky
a,swankiest,swanky
a,swarthier,swarthy
a,swarthiest,swarthy
a,tackier,tacky
a,tackiest,tacky
a,talkier,talky
a,talkiest,talky
a,tangier,tangy
a,tangiest,tangy
a,tanner,tan
a,tannest,tan
a,tardier,tardy
a,tardiest,tardy
a,tastier,tasty
a,tastiest,tasty
a,tattier,tatty
a,tattiest,tatty
a,tawdrier,tawdry
a,tawdriest,tawdry
a,techier,techy
a,techiest,techy
a,teenier,teeny
a,teeniest,teeny
a,testier,testy
a,testiest,testy
a,tetchier,tetchy
a,tetchiest,tetchy
a,thinner,thin
a,thinnest,thin
a,thirstier,thirsty
a,thirstiest,thirsty
a,thornier,thorny
a,thorniest,thorny
a,threadier,thready
a,threadiest,thready
a,thriftier,thrifty
a,thriftiest,thrifty
a,throatier,throaty
a,throatiest,throaty
a,tidier,tidy
a,tidiest,tidy
a,timelier,timely
a,timeliest,timely
a,tinier,tiny
a,tiniest,tiny
a,tinnier,tinny
a,tinniest,tinny
a,tipsier,tipsy
a,tipsiest,tipsy
a,toothier,toothy
a,toothiest,toothy
a,touchier,touchy
a,touchiest,touchy
a,trashier,trashy
a,trashiest,trashy
a,trendier,trendy
a,trendiest,trendy
a,trickier,tricky
a,trickiest,tricky
a,tricksier,tricksy
a,tricksiest,tricksy
a,trimmer,trim
a,trimmest,trim
a,truer,true
a,truest,true
a,trustier,trusty
a,trustiest,trusty
a,tubbier,tubby
a,tubbiest,tubby
a,tweedier,tweedy
a,tweediest,tweedy
a,twiggier,twiggy
a,twiggiest,twiggy
a,uglier,ugly
a,ugliest,ugly
a,unfriendlier,unfriendly
a,unfriendliest,unfriendly
a,ungainlier,ungainly
a,ungainliest,ungainly
a,ungodlier,ungodly
a,ungodliest,ungodly
a,unhappier,unhappy
a,unhappiest,unhappy
a,unhealthier,unhealthy
a,unhealthiest,unhealthy
a,unholier,unholy
a,unholiest,unholy
a,unrulier,unruly
a,unruliest,unruly
a,untidier,untidy
a,untidiest,untidy
a,wackier,wacky
a,wackiest,wacky
a,wanner,wan
a,wannest,wan
a,warier,wary
a,wariest,wary
a,washier,washy
a,washiest,washy
a,wavier,wavy
a,waviest,wavy
a,waxier,waxy
a,waxiest,waxy
a,weaklier,weakly
a,weakliest,weakly
a,wealthier,wealthy
a,wealthiest,wealthy
a,wearier,weary
a,weariest,weary
a,webbier,webby
a,webbiest,webby
a,weedier,weedy
a,weediest,weedy
a,weenier,weeny
a,weeniest,weeny
a,weensier,weensy
a,weensiest,weensy
a,weepier,weepy
a,weepiest,weepy
a,weightier,weighty
a,weightiest,weighty
a,wetter,wet
a,wettest,wet
a,whackier,whacky
a,whackiest,whacky
a,wieldier,wieldy
a,wieldiest,wieldy
a,wilier,wily
a,wiliest,wily
a,windier,windy
a,windiest,windy
a,winier,winy
a,winiest,winy
a,winterier,wintery
a,winteriest,wintery
a,wintrier,wintry
a,wintriest,wintry
a,wirier,wiry
a,wiriest,wiry
a,wispier,wispy
a,wispiest,wispy
a,wittier,witty
a,wittiest,witty
a,wonkier,wonky
a,wonkiest,wonky
a,woodier,woody
a,woodiest,woody
a,woodsier,woodsy
a,woodsiest,woodsy
a,woollier,woolly
a,woolliest,woolly
a,woozier,woozy
a,wooziest,woozy
a,wordier,wordy
a,wordiest,wordy
a,worldlier,worldly
a,worldliest,worldly
a,wormier,wormy
a,wormiest,wormy
a,worse,bad
a,worst,bad
a,worthier,worthy
a,worthiest,worthy
a,wrier,wry
a,wriest,wry
a,wryer,wry
a,wryest,wry
a,yeastier,yeasty
a,yeastiest,yeasty
a,younger,young
a,youngest,young
a,yummier,yummy
a,yummiest,yummy
a,zanier,zany
a,zaniest,zany
a,zippier,zippy
a,zippiest,zippy
r,best,well
r,better,well
r,deeper,deeply
r,farther,far
r,further,far
r,harder,hard
r,hardest,hard
